name,universe,lengthMeters,heightMeters,tags,images.main,images.gallery,links,description
Executor-class Star Dreadnought,Star Wars,19000,12000,"[""star dreadnought"", ""imperial"", ""super star destroyer"", ""capital ship"", ""flagship"", ""warship""]",https://static.wikia.nocookie.net/starwars/images/1/1c/Executor_and_Star_Destroyers.png,[],[],"The Executor-class Star Dreadnought, also known as the Super-class Star Destroyer, was the largest model of Star Destroyer ever built by the Galactic Empire. At 19 kilometers in length, it served as Darth Vader's flagship and was one of the most feared vessels in the galaxy."
Imperial I-class Star Destroyer,Star Wars,1600,985,"[""star destroyer"", ""imperial"", ""capital ship"", ""warship"", ""carrier""]",https://static.wikia.nocookie.net/starwars/images/2/22/ISD_I.png,[],[],"The Imperial I-class Star Destroyer was the signature vessel of the Imperial Navy. At 1,600 meters long, these wedge-shaped warships were designed to inspire fear and project Imperial power across the galaxy."
Venator-class Star Destroyer,Star Wars,1137,268,"[""star destroyer"", ""republic"", ""imperial"", ""carrier"", ""capital ship""]",https://static.wikia.nocookie.net/starwars/images/3/37/Venator2.png,[],[],"The Venator-class Star Destroyer, also known as the Republic Attack Cruiser, was the primary capital ship of the Republic Navy during the Clone Wars and early Imperial period."
Acclamator-class Assault Ship,Star Wars,752,200,"[""assault ship"", ""republic"", ""imperial"", ""troop transport"", ""carrier""]",https://static.wikia.nocookie.net/starwars/images/3/3e/Acclamator.png,[],[],The Acclamator-class assault ship was a cruiser used by the Galactic Republic for planetary assaults during the Clone Wars.
Gladiator-class Star Destroyer,Star Wars,600,120,"[""star destroyer"", ""imperial"", ""patrol ship"", ""escort""]",https://static.wikia.nocookie.net/starwars/images/9/9e/GladiatorClass.png,[],[],"The Gladiator-class Star Destroyer was the smallest Star Destroyer in the Imperial arsenal, designed for patrol and escort duties."
Victory I-class Star Destroyer,Star Wars,900,280,"[""star destroyer"", ""imperial"", ""capital ship"", ""warship""]",https://static.wikia.nocookie.net/starwars/images/2/2e/VictoryClass.png,[],[],"The Victory I-class Star Destroyer was a predecessor to the Imperial-class, known for its heavy planetary bombardment capabilities."
Interdictor-class Heavy Cruiser,Star Wars,1129,200,"[""heavy cruiser"", ""imperial"", ""interdictor"", ""support ship""]",https://static.wikia.nocookie.net/starwars/images/8/8e/InterdictorClass.png,[],[],The Interdictor-class heavy cruiser was equipped with gravity well projectors to prevent enemy ships from escaping to hyperspace.
Resurgent-class Star Destroyer,Star Wars,2915,500,"[""star destroyer"", ""first order"", ""capital ship"", ""warship""]",https://static.wikia.nocookie.net/starwars/images/5/5f/ResurgentClass.png,[],[],"The Resurgent-class Star Destroyer was a major warship class used by the First Order, significantly larger and more powerful than Imperial-era designs."
Mega-class Star Dreadnought (Supremacy),Star Wars,13000,4000,"[""star dreadnought"", ""first order"", ""capital ship"", ""flagship"", ""mobile headquarters""]",https://static.wikia.nocookie.net/starwars/images/8/8a/Supremacy.png,[],[],"The Mega-class Star Dreadnought Supremacy was Supreme Leader Snoke's flagship and the mobile headquarters of the First Order. At 13km long and 60km wide, it was wider than it was long."
Xyston-class Star Destroyer,Star Wars,2406,600,"[""star destroyer"", ""sith eternal"", ""capital ship"", ""superweapon""]",https://static.wikia.nocookie.net/starwars/images/2/2e/XystonClass.png,[],[],The Xyston-class Star Destroyer was based on an upscaled Imperial I-class design and featured an axial superlaser capable of destroying planets.
Onager-class Star Destroyer,Star Wars,1200,300,"[""star destroyer"", ""imperial"", ""siege platform"", ""superweapon""]",https://static.wikia.nocookie.net/starwars/images/3/3e/OnagerClass.png,[],[],The Onager-class Star Destroyer was a specialized siege platform equipped with a superweapon capable of devastating planetary targets.
Secutor-class Star Destroyer,Star Wars,2200,400,"[""star destroyer"", ""imperial"", ""battlecarrier"", ""carrier""]",https://static.wikia.nocookie.net/starwars/images/5/5f/SecutorClass.png,[],[],The Secutor-class Star Destroyer was one of the largest starfighter carriers in the Imperial Navy.
MC80 Home One-type Star Cruiser,Star Wars,1200,400,"[""star cruiser"", ""rebel alliance"", ""capital ship"", ""flagship""]",https://static.wikia.nocookie.net/starwars/images/8/8e/HomeOne.png,[],[],The MC80 Home One-type Star Cruiser was Admiral Ackbar's flagship and served as the Rebel Alliance's primary command vessel during the Battle of Endor.
MC80 Liberty-type Star Cruiser,Star Wars,1500,450,"[""star cruiser"", ""rebel alliance"", ""capital ship"", ""warship""]",https://static.wikia.nocookie.net/starwars/images/3/3e/Liberty.png,[],[],The MC80 Liberty-type Star Cruiser was a variant of the MC80 line with a distinct winged design.
MC75 Star Cruiser,Star Wars,1214,350,"[""star cruiser"", ""rebel alliance"", ""capital ship"", ""warship""]",https://static.wikia.nocookie.net/starwars/images/2/2e/MC75.png,[],[],The MC75 Star Cruiser was a converted city-ship that served as a powerful warship for the Rebel Alliance.
MC30c Frigate,Star Wars,580,120,"[""frigate"", ""rebel alliance"", ""warship"", ""fast attack""]",https://static.wikia.nocookie.net/starwars/images/3/3e/MC30c.png,[],[],"The MC30c frigate was a fast, heavily armed Mon Calamari warship used by the Rebel Alliance."
CR90 Corvette (Blockade Runner),Star Wars,150,50,"[""corvette"", ""rebel alliance"", ""republic"", ""fast attack"", ""escort""]",https://static.wikia.nocookie.net/starwars/images/8/8e/CR90.png,[],[],"The CR90 corvette, famously known as the Blockade Runner, was a versatile and fast vessel used by both the Republic and Rebel Alliance."
GR-75 Medium Transport,Star Wars,90,30,"[""transport"", ""rebel alliance"", ""freighter"", ""logistics""]",https://static.wikia.nocookie.net/starwars/images/3/3e/GR75.png,[],[],"The GR-75 medium transport was a workhorse of the Rebel Alliance fleet, used for transporting supplies and personnel."
Nebulon-B Frigate,Star Wars,300,100,"[""frigate"", ""rebel alliance"", ""imperial"", ""escort"", ""medical""]",https://static.wikia.nocookie.net/starwars/images/2/2e/NebulonB.png,[],[],"The EF76 Nebulon-B escort frigate was used by both the Empire and Rebel Alliance, with the Rebels famously converting one into a medical frigate."
Hammerhead Corvette,Star Wars,116,40,"[""corvette"", ""rebel alliance"", ""old republic"", ""warship""]",https://static.wikia.nocookie.net/starwars/images/3/3e/Hammerhead.png,[],[],The Hammerhead corvette was an ancient design that saw renewed service with the Rebel Alliance during the Galactic Civil War.
Sphyrna-class Corvette (Hammerhead),Star Wars,116,40,"[""corvette"", ""rebel alliance"", ""warship"", ""ramming vessel""]",https://static.wikia.nocookie.net/starwars/images/8/8e/SphyrnaClass.png,[],[],"The Sphyrna-class corvette, commonly known as the Hammerhead corvette, was famously used to ram Imperial Star Destroyers."
Lucrehulk-class Battleship,Star Wars,3170,1000,"[""battleship"", ""trade federation"", ""cis"", ""carrier"", ""droid control""]",https://static.wikia.nocookie.net/starwars/images/2/2e/Lucrehulk.png,[],[],The Lucrehulk-class battleship was a massive converted freighter that served as the Trade Federation's primary warship.
Providence-class Dreadnought,Star Wars,1088,300,"[""dreadnought"", ""cis"", ""separatist"", ""capital ship"", ""flagship""]",https://static.wikia.nocookie.net/starwars/images/3/3e/ProvidenceClass.png,[],[],"The Providence-class Dreadnought was the Separatist Alliance's primary capital ship, serving as Count Dooku's and General Grievous's flagship."
Recusant-class Light Destroyer,Star Wars,1182,200,"[""destroyer"", ""cis"", ""separatist"", ""warship""]",https://static.wikia.nocookie.net/starwars/images/2/2e/Recusant.png,[],[],The Recusant-class light destroyer was a Separatist warship known for its distinctive thin profile.
Munificent-class Star Frigate,Star Wars,825,150,"[""frigate"", ""cis"", ""separatist"", ""warship"", ""banking clan""]",https://static.wikia.nocookie.net/starwars/images/3/3e/Munificent.png,[],[],"The Munificent-class star frigate was the workhorse of the Separatist fleet, heavily armed for its size."
Subjugator-class Heavy Cruiser (Malevolence),Star Wars,4845,1200,"[""heavy cruiser"", ""cis"", ""separatist"", ""superweapon"", ""ion cannon""]",https://static.wikia.nocookie.net/starwars/images/8/8e/Malevolence.png,[],[],"The Subjugator-class heavy cruiser, exemplified by the Malevolence, was a massive warship equipped with an ion pulse cannon capable of disabling entire fleets."
Arquitens-class Light Cruiser,Star Wars,325,80,"[""light cruiser"", ""republic"", ""imperial"", ""escort""]",https://static.wikia.nocookie.net/starwars/images/2/2e/Arquitens.png,[],[],The Arquitens-class light cruiser served in both the Republic and Imperial navies as an escort vessel.
Consular-class Cruiser (Charger c70),Star Wars,138,40,"[""cruiser"", ""republic"", ""diplomatic"", ""escort""]",https://static.wikia.nocookie.net/starwars/images/3/3e/Consular.png,[],[],The Consular-class cruiser was a diplomatic vessel that could be retrofitted for combat as the Charger c70.
USS Enterprise NCC-1701 (Constitution-class),Star Trek,289,72,"[""heavy cruiser"", ""federation"", ""starfleet"", ""explorer"", ""flagship""]",https://static.wikia.nocookie.net/memory-alpha/images/2/2e/Enterprise_NCC-1701.png,[],[],"The Constitution-class USS Enterprise NCC-1701 was Starfleet's flagship heavy cruiser under Captain James T. Kirk, designed for deep-space exploration."
USS Enterprise NCC-1701-D (Galaxy-class),Star Trek,642,195,"[""explorer"", ""federation"", ""starfleet"", ""capital ship"", ""flagship""]",https://static.wikia.nocookie.net/memory-alpha/images/3/3e/Enterprise_NCC-1701-D.png,[],[],"The Galaxy-class USS Enterprise NCC-1701-D was Captain Jean-Luc Picard's flagship, representing the pinnacle of Federation exploration technology."
USS Enterprise NCC-1701-E (Sovereign-class),Star Trek,685,200,"[""explorer"", ""federation"", ""starfleet"", ""capital ship"", ""flagship"", ""warship""]",https://static.wikia.nocookie.net/memory-alpha/images/2/2e/Enterprise_NCC-1701-E.png,[],[],"The Sovereign-class USS Enterprise NCC-1701-E was one of Starfleet's most advanced vessels, designed to combat the Borg threat."
USS Defiant NX-74205,Star Trek,170,50,"[""escort"", ""federation"", ""starfleet"", ""warship"", ""defensive""]",https://static.wikia.nocookie.net/memory-alpha/images/3/3e/Defiant.png,[],[],"The Defiant-class was a compact, heavily armed warship designed specifically to combat the Borg."
USS Voyager NCC-74656 (Intrepid-class),Star Trek,344,90,"[""light cruiser"", ""federation"", ""starfleet"", ""explorer"", ""science vessel""]",https://static.wikia.nocookie.net/memory-alpha/images/2/2e/Voyager.png,[],[],The Intrepid-class USS Voyager was a science vessel that became stranded in the Delta Quadrant for seven years.
USS Discovery NCC-1031 (Crossfield-class),Star Trek,750,180,"[""science vessel"", ""federation"", ""starfleet"", ""experimental"", ""spore drive""]",https://static.wikia.nocookie.net/memory-alpha/images/3/3e/Discovery.png,[],[],The Crossfield-class USS Discovery was an experimental science vessel equipped with the revolutionary spore drive.
Deep Space 9 (Cardassian Nor-class),Star Trek,1451,500,"[""space station"", ""federation"", ""cardassian"", ""trade hub"", ""defense platform""]",https://static.wikia.nocookie.net/memory-alpha/images/2/2e/DeepSpace9.png,[],[],Deep Space 9 was a former Cardassian mining station that became a crucial Federation outpost and trade hub near the Bajoran wormhole.
Klingon Bird-of-Prey (B'rel-class),Star Trek,110,40,"[""scout"", ""klingon"", ""warship"", ""cloaking"", ""raider""]",https://static.wikia.nocookie.net/memory-alpha/images/3/3e/Klingon_Bird_of_Prey.png,[],[],The B'rel-class Bird-of-Prey was a versatile Klingon scout vessel equipped with cloaking technology.
Klingon Vor'cha-class Attack Cruiser,Star Trek,481,120,"[""attack cruiser"", ""klingon"", ""warship"", ""capital ship""]",https://static.wikia.nocookie.net/memory-alpha/images/2/2e/Vorcha.png,[],[],The Vor'cha-class attack cruiser was one of the Klingon Empire's most powerful warships.
Klingon Negh'Var-class Warship,Star Trek,682,150,"[""warship"", ""klingon"", ""capital ship"", ""flagship""]",https://static.wikia.nocookie.net/memory-alpha/images/3/3e/NeghVar.png,[],[],"The Negh'Var-class was the largest and most powerful warship in the Klingon fleet, serving as the Chancellor's flagship."
Romulan D'deridex-class Warbird,Star Trek,1041,250,"[""warbird"", ""romulan"", ""capital ship"", ""cloaking"", ""warship""]",https://static.wikia.nocookie.net/memory-alpha/images/2/2e/DDeridex.png,[],[],"The D'deridex-class warbird was the Romulan Star Empire's primary capital ship, known for its distinctive green color and cloaking device."
Romulan Valdore-type Warbird,Star Trek,604,120,"[""warbird"", ""romulan"", ""warship"", ""cloaking""]",https://static.wikia.nocookie.net/memory-alpha/images/3/3e/Valdore.png,[],[],The Valdore-type warbird was a more compact and maneuverable design than the D'deridex-class.
Borg Cube,Star Trek,3000,3000,"[""cube"", ""borg"", ""capital ship"", ""assimilation"", ""collective""]",https://static.wikia.nocookie.net/memory-alpha/images/2/2e/Borg_Cube.png,[],[],"The Borg Cube was the primary vessel of the Borg Collective, a massive cube-shaped ship capable of assimilating entire civilizations."
Borg Sphere,Star Trek,600,600,"[""sphere"", ""borg"", ""scout"", ""assimilation"", ""time travel""]",https://static.wikia.nocookie.net/memory-alpha/images/3/3e/Borg_Sphere.png,[],[],"The Borg Sphere was a spherical vessel used for scouting, time travel, and as an escape vessel from damaged cubes."
Jem'Hadar Battlecruiser,Star Trek,680,150,"[""battlecruiser"", ""dominion"", ""warship"", ""jem'hadar""]",https://static.wikia.nocookie.net/memory-alpha/images/2/2e/JemHadar_Battlecruiser.png,[],[],The Jem'Hadar battlecruiser was the Dominion's primary heavy warship during the Dominion War.
Jem'Hadar Fighter,Star Trek,68,20,"[""fighter"", ""dominion"", ""jem'hadar"", ""attack ship""]",https://static.wikia.nocookie.net/memory-alpha/images/3/3e/JemHadar_Fighter.png,[],[],"The Jem'Hadar fighter was a small, heavily armed attack ship used for hit-and-run tactics."
Cardassian Galor-class Warship,Star Trek,371,90,"[""warship"", ""cardassian"", ""military"", ""patrol""]",https://static.wikia.nocookie.net/memory-alpha/images/2/2e/Galor.png,[],[],The Galor-class warship was the backbone of the Cardassian military.
Ferengi D'Kora-class Marauder,Star Trek,392,100,"[""marauder"", ""ferengi"", ""commerce"", ""warship""]",https://static.wikia.nocookie.net/memory-alpha/images/3/3e/DKora.png,[],[],The D'Kora-class marauder was a Ferengi vessel used for both commerce and combat.
Species 8472 Bioship,Star Trek,200,60,"[""bioship"", ""species 8472"", ""fluidic space"", ""organic""]",https://static.wikia.nocookie.net/memory-alpha/images/2/2e/Species_8472_Bioship.png,[],[],"Species 8472 bioships were organic vessels from fluidic space, capable of destroying Borg cubes."
Emperor-class Battleship,"Warhammer 40,000",8000,2000,"[""battleship"", ""imperial navy"", ""carrier"", ""battlecarrier"", ""capital ship""]",https://static.wikia.nocookie.net/warhammer40k/images/2/2e/EmperorClass.png,[],[],"The Emperor-class battleship is the poster ship of Battlefleet Gothic, serving as a battlecarrier with massive fighter and bomber capacity alongside heavy armaments."
Retribution-class Battleship,"Warhammer 40,000",8000,2000,"[""battleship"", ""imperial navy"", ""ship of the line"", ""broadside""]",https://static.wikia.nocookie.net/warhammer40k/images/3/3e/RetributionClass.png,[],[],"The Retribution-class battleship is the Imperial Navy's ship of the line, capable of devastating broadside assaults."
Apocalypse-class Battleship,"Warhammer 40,000",8000,2000,"[""battleship"", ""imperial navy"", ""lance ship"", ""sniper""]",https://static.wikia.nocookie.net/warhammer40k/images/2/2e/ApocalypseClass.png,[],[],The Apocalypse-class battleship is a long-ranged sniper vessel equipped with powerful lance batteries and a Nova Cannon.
Oberon-class Battleship,"Warhammer 40,000",8000,2000,"[""battleship"", ""imperial navy"", ""multi-role"", ""self-sufficient""]",https://static.wikia.nocookie.net/warhammer40k/images/3/3e/OberonClass.png,[],[],The Oberon-class battleship was designed to handle any threat without escort support.
Mars-class Battlecruiser,"Warhammer 40,000",6000,1500,"[""battlecruiser"", ""imperial navy"", ""lance"", ""carrier""]",https://static.wikia.nocookie.net/warhammer40k/images/2/2e/MarsClass.png,[],[],The Mars-class battlecruiser combines lance batteries with launch bays for versatile combat capability.
Lunar-class Cruiser,"Warhammer 40,000",5000,1200,"[""cruiser"", ""imperial navy"", ""workhorse"", ""broadside""]",https://static.wikia.nocookie.net/warhammer40k/images/3/3e/LunarClass.png,[],[],"The Lunar-class cruiser is the workhorse of the Imperial Navy, forming the backbone of most battlefleets."
Tyrant-class Cruiser,"Warhammer 40,000",5000,1200,"[""cruiser"", ""imperial navy"", ""macrocannons"", ""firepower""]",https://static.wikia.nocookie.net/warhammer40k/images/2/2e/TyrantClass.png,[],[],The Tyrant-class cruiser is armed with powerful macrocannon batteries for devastating firepower.
Gothic-class Cruiser,"Warhammer 40,000",5000,1200,"[""cruiser"", ""imperial navy"", ""lance"", ""laser batteries""]",https://static.wikia.nocookie.net/warhammer40k/images/3/3e/GothicClass.png,[],[],"The Gothic-class cruiser specializes in lance weaponry for precise, long-range destruction."
Dauntless-class Light Cruiser,"Warhammer 40,000",4500,1000,"[""light cruiser"", ""imperial navy"", ""scout"", ""fast attack""]",https://static.wikia.nocookie.net/warhammer40k/images/2/2e/DauntlessClass.png,[],[],The Dauntless-class light cruiser serves as a scout and fast attack vessel for the Imperial Navy.
Firestorm-class Frigate,"Warhammer 40,000",1500,400,"[""frigate"", ""imperial navy"", ""lance"", ""armor piercing""]",https://static.wikia.nocookie.net/warhammer40k/images/3/3e/FirestormClass.png,[],[],The Firestorm-class frigate mounts a prow lance for armor-piercing attacks.
Sword-class Frigate,"Warhammer 40,000",1600,400,"[""frigate"", ""imperial navy"", ""escort"", ""patrol""]",https://static.wikia.nocookie.net/warhammer40k/images/2/2e/SwordClass.png,[],[],The Sword-class frigate is a common escort vessel in Imperial battlefleets.
Cobra-class Destroyer,"Warhammer 40,000",750,200,"[""destroyer"", ""imperial navy"", ""torpedo boat"", ""escort""]",https://static.wikia.nocookie.net/warhammer40k/images/3/3e/CobraClass.png,[],[],The Cobra-class destroyer is a fast torpedo boat used for hit-and-run attacks.
Avenger-class Grand Cruiser,"Warhammer 40,000",7000,1800,"[""grand cruiser"", ""imperial navy"", ""venerable"", ""heavy""]",https://static.wikia.nocookie.net/warhammer40k/images/2/2e/AvengerClass.png,[],[],The Avenger-class grand cruiser is an ancient and venerable design still serving the Imperium.
Chaos Despoiler-class Battleship,"Warhammer 40,000",8500,2200,"[""battleship"", ""chaos"", ""traitor legions"", ""daemon ship"", ""capital ship""]",https://static.wikia.nocookie.net/warhammer40k/images/3/3e/DespoilerClass.png,[],[],The Despoiler-class battleship is a Chaos vessel often infested with daemons and corrupted by the Warp.
Chaos Retaliator-class Grand Cruiser,"Warhammer 40,000",7200,1800,"[""grand cruiser"", ""chaos"", ""traitor legions"", ""warship""]",https://static.wikia.nocookie.net/warhammer40k/images/2/2e/RetaliatorClass.png,[],[],The Retaliator-class grand cruiser serves Chaos warfleets with devastating firepower.
Eldar Craftworld,"Warhammer 40,000",10000000,500000,"[""craftworld"", ""eldar"", ""asuryani"", ""world-ship"", ""city-ship""]",https://static.wikia.nocookie.net/warhammer40k/images/2/2e/Craftworld.png,[],[],"An Eldar Craftworld is a massive world-ship housing the remnants of the ancient Eldar empire, each containing billions of souls."
Void Stalker-class Battleship (Eldar),"Warhammer 40,000",6000,1500,"[""battleship"", ""eldar"", ""asuryani"", ""fast"", ""holo-fields""]",https://static.wikia.nocookie.net/warhammer40k/images/3/3e/VoidStalker.png,[],[],"The Void Stalker-class is the largest Eldar warship, combining speed with devastating firepower."
Ork Kroozer,"Warhammer 40,000",3000,800,"[""kroozer"", ""ork"", ""clan"", ""ramshackle"", ""warship""]",https://static.wikia.nocookie.net/warhammer40k/images/2/2e/OrkKroozer.png,[],[],Ork kroozers are ramshackle but deadly vessels built from salvaged and looted ships.
Tyranid Hive Ship,"Warhammer 40,000",8000,2500,"[""hive ship"", ""tyranid"", ""bio-ship"", ""organic"", ""capital ship""]",https://static.wikia.nocookie.net/warhammer40k/images/3/3e/HiveShip.png,[],[],Tyranid Hive Ships are massive organic vessels that serve as the primary bio-ships of the Hive Fleet.
Necron Cairn-class Tomb Ship,"Warhammer 40,000",7000,2000,"[""tomb ship"", ""necron"", ""cairn"", ""ancient"", ""living metal""]",https://static.wikia.nocookie.net/warhammer40k/images/2/2e/CairnClass.png,[],[],"The Cairn-class Tomb Ship is a Necron vessel of living metal, nearly indestructible and armed with devastating gauss weaponry."
UNSC Infinity,Halo,5694,1041,"[""supercarrier"", ""unsc"", ""flagship"", ""capital ship"", ""forerunner tech""]",https://static.wikia.nocookie.net/halo/images/2/2e/UNSC_Infinity.png,[],[],"The UNSC Infinity was the largest and most advanced warship ever constructed by humanity, equipped with reverse-engineered Forerunner technology."
UNSC Pillar of Autumn (Halcyon-class),Halo,1170,300,"[""cruiser"", ""unsc"", ""halcyon"", ""veteran"", ""modified""]",https://static.wikia.nocookie.net/halo/images/3/3e/Pillar_of_Autumn.png,[],[],The Pillar of Autumn was a Halcyon-class light cruiser that played a crucial role in the Human-Covenant War.
UNSC Forward Unto Dawn (Charon-class),Halo,490,130,"[""frigate"", ""unsc"", ""charon"", ""light warship""]",https://static.wikia.nocookie.net/halo/images/2/2e/Forward_Unto_Dawn.png,[],[],The Forward Unto Dawn was a Charon-class light frigate that served in the final battles of the Human-Covenant War.
UNSC Spirit of Fire (Phoenix-class),Halo,2500,600,"[""colony ship"", ""unsc"", ""phoenix"", ""support"", ""veteran""]",https://static.wikia.nocookie.net/halo/images/3/3e/Spirit_of_Fire.png,[],[],The Spirit of Fire was a Phoenix-class colony ship converted for military support operations.
UNSC Savannah (Paris-class),Halo,535,140,"[""heavy frigate"", ""unsc"", ""paris"", ""warship""]",https://static.wikia.nocookie.net/halo/images/2/2e/Savannah.png,[],[],The Paris-class heavy frigate was a powerful UNSC escort vessel.
UNSC Marathon-class Heavy Cruiser,Halo,1192,320,"[""heavy cruiser"", ""unsc"", ""marathon"", ""capital ship""]",https://static.wikia.nocookie.net/halo/images/3/3e/MarathonClass.png,[],[],The Marathon-class heavy cruiser was the primary capital ship of the UNSC Navy during the Human-Covenant War.
Covenant CAS-class Assault Carrier,Halo,5347,1200,"[""assault carrier"", ""covenant"", ""capital ship"", ""flagship""]",https://static.wikia.nocookie.net/halo/images/2/2e/CAS_Carrier.png,[],[],"The CAS-class assault carrier was one of the largest vessels in the Covenant fleet, serving as flagships for fleet masters."
Covenant CSO-class Supercarrier,Halo,29000,7000,"[""supercarrier"", ""covenant"", ""capital ship"", ""fleet command""]",https://static.wikia.nocookie.net/halo/images/3/3e/CSO_Supercarrier.png,[],[],"The CSO-class supercarrier was the largest vessel in the Covenant fleet, capable of carrying entire invasion forces."
Covenant DDS-class Carrier,Halo,3000,800,"[""carrier"", ""covenant"", ""support"", ""fighter deployment""]",https://static.wikia.nocookie.net/halo/images/2/2e/DDS_Carrier.png,[],[],The DDS-class carrier was a dedicated fighter carrier used by the Covenant.
Covenant CCS-class Battlecruiser,Halo,1782,400,"[""battlecruiser"", ""covenant"", ""warship"", ""common""]",https://static.wikia.nocookie.net/halo/images/3/3e/CCS_Cruiser.png,[],[],The CCS-class battlecruiser was the most common capital ship in the Covenant fleet.
Covenant CPV-class Heavy Destroyer,Halo,1660,380,"[""heavy destroyer"", ""covenant"", ""warship"", ""excavation""]",https://static.wikia.nocookie.net/halo/images/2/2e/CPV_Destroyer.png,[],[],The CPV-class heavy destroyer was often used for glassing operations and excavation of Forerunner sites.
Covenant SDV-class Heavy Corvette,Halo,956,250,"[""heavy corvette"", ""covenant"", ""escort"", ""scout""]",https://static.wikia.nocookie.net/halo/images/3/3e/SDV_Corvette.png,[],[],The SDV-class heavy corvette served as an escort and scout vessel for the Covenant.
Forerunner Mantle's Approach,Halo,14200,3500,"[""fortress"", ""forerunner"", ""didact"", ""ancient"", ""superweapon""]",https://static.wikia.nocookie.net/halo/images/2/2e/Mantles_Approach.png,[],[],"Mantle's Approach was the Didact's personal fortress, a massive Forerunner vessel equipped with the Composer."
Forerunner Keyship (Anodyne Spirit),Halo,13000,3000,"[""keyship"", ""forerunner"", ""ancient"", ""portal"", ""dreadnought""]",https://static.wikia.nocookie.net/halo/images/3/3e/Keyship.png,[],[],Forerunner Keyships were ancient vessels capable of activating the Halo Array and opening portals to the Ark.
Banished Enduring Conviction (CAS-class),Halo,5347,1200,"[""assault carrier"", ""banished"", ""covenant"", ""flagship""]",https://static.wikia.nocookie.net/halo/images/2/2e/Enduring_Conviction.png,[],[],"The Enduring Conviction was Atriox's flagship, a CAS-class assault carrier under Banished control."
Reaper Sovereign-class,Mass Effect,2000,500,"[""dreadnought"", ""reaper"", ""ancient"", ""synthetic"", ""capital ship"", ""superweapon""]",https://static.wikia.nocookie.net/masseffect/images/2/2e/Sovereign.png,[],[],"Sovereign was a Reaper vanguard left behind to trigger the next cycle of extinction. At 2km long, it was a terrifying force that could indoctrinate organic minds."
Reaper Destroyer,Mass Effect,500,150,"[""destroyer"", ""reaper"", ""ancient"", ""synthetic"", ""warship""]",https://static.wikia.nocookie.net/masseffect/images/3/3e/Reaper_Destroyer.png,[],[],Reaper Destroyers were smaller but still deadly Reaper vessels used for planetary assaults.
Reaper Harbinger,Mass Effect,2000,500,"[""dreadnought"", ""reaper"", ""ancient"", ""synthetic"", ""flagship"", ""capital ship""]",https://static.wikia.nocookie.net/masseffect/images/2/2e/Harbinger.png,[],[],"Harbinger was the first and oldest Reaper, leading the assault on the galaxy."
Systems Alliance Normandy SR-2,Mass Effect,196,35,"[""frigate"", ""systems alliance"", ""stealth"", ""cerberus"", ""normandy""]",https://static.wikia.nocookie.net/masseffect/images/3/3e/Normandy_SR2.png,[],[],The Normandy SR-2 was a Cerberus-built stealth frigate that became Commander Shepard's flagship.
Systems Alliance Normandy SR-1,Mass Effect,216,40,"[""frigate"", ""systems alliance"", ""stealth"", ""normandy"", ""prototype""]",https://static.wikia.nocookie.net/masseffect/images/2/2e/Normandy_SR1.png,[],[],The Normandy SR-1 was the original prototype stealth reconnaissance frigate.
Systems Alliance SSV Everest (Cruiser),Mass Effect,707,120,"[""cruiser"", ""systems alliance"", ""warship"", ""dreadnought""]",https://static.wikia.nocookie.net/masseffect/images/3/3e/Alliance_Cruiser.png,[],[],Systems Alliance cruisers formed the backbone of the Alliance Navy.
Systems Alliance Dreadnought,Mass Effect,1000,164,"[""dreadnought"", ""systems alliance"", ""heavy warship"", ""mass accelerator""]",https://static.wikia.nocookie.net/masseffect/images/2/2e/Alliance_Dreadnought.png,[],[],Systems Alliance dreadnoughts were kilometer-long vessels armed with powerful mass accelerator cannons.
Asari Destiny Ascension,Mass Effect,1000,300,"[""dreadnought"", ""asari"", ""citadel"", ""flagship"", ""powerful""]",https://static.wikia.nocookie.net/masseffect/images/3/3e/Destiny_Ascension.png,[],[],The Destiny Ascension was the most powerful warship in the Citadel Fleet and the Asari flagship.
Asari Cruiser,Mass Effect,1000,200,"[""cruiser"", ""asari"", ""citadel"", ""elegant"", ""warship""]",https://static.wikia.nocookie.net/masseffect/images/2/2e/Asari_Cruiser.png,[],[],Asari cruisers were known for their elegant design and powerful biotic capabilities.
Turian Dreadnought,Mass Effect,1000,180,"[""dreadnought"", ""turian"", ""hierarchy"", ""military"", ""warship""]",https://static.wikia.nocookie.net/masseffect/images/3/3e/Turian_Dreadnought.png,[],[],Turian dreadnoughts were the military backbone of the Turian Hierarchy.
Geth Dreadnought,Mass Effect,1000,200,"[""dreadnought"", ""geth"", ""synthetic"", ""collective"", ""warship""]",https://static.wikia.nocookie.net/masseffect/images/2/2e/Geth_Dreadnought.png,[],[],The Geth Dreadnought was a massive synthetic vessel housing millions of Geth programs.
Collector Cruiser,Mass Effect,700,180,"[""cruiser"", ""collector"", ""reaper"", ""abduction"", ""organic""]",https://static.wikia.nocookie.net/masseffect/images/3/3e/Collector_Cruiser.png,[],[],The Collector Cruiser was a mysterious vessel used by the Collectors to abduct human colonies.
Quarian Migrant Fleet Ship,Mass Effect,500,150,"[""liveship"", ""quarian"", ""migrant fleet"", ""civilian"", ""refugee""]",https://static.wikia.nocookie.net/masseffect/images/2/2e/Quarian_Liveship.png,[],[],The Quarian Migrant Fleet consisted of thousands of ships housing the entire Quarian population.
Cerberus Cruiser,Mass Effect,700,120,"[""cruiser"", ""cerberus"", ""human"", ""pro-human"", ""warship""]",https://static.wikia.nocookie.net/masseffect/images/3/3e/Cerberus_Cruiser.png,[],[],Cerberus cruisers were advanced warships built by the pro-human organization.
SSV Normandy SR-2 Cerberus,Mass Effect,196,35,"[""frigate"", ""cerberus"", ""stealth"", ""normandy"", ""advanced""]",https://static.wikia.nocookie.net/masseffect/images/2/2e/Cerberus_Normandy.png,[],[],The Cerberus-built Normandy SR-2 was significantly larger and more advanced than the original.
Battlestar Galactica (Jupiter-class),Battlestar Galactica,1438,183,"[""battlestar"", ""colonial"", ""capital ship"", ""carrier"", ""flagship""]",https://static.wikia.nocookie.net/galactica/images/2/2e/Galactica.png,[],[],The Battlestar Galactica was a Jupiter-class battlestar that survived the Cylon attack and led the refugee fleet to Earth.
Battlestar Pegasus (Mercury-class),Battlestar Galactica,1615,283,"[""battlestar"", ""colonial"", ""capital ship"", ""carrier"", ""advanced""]",https://static.wikia.nocookie.net/galactica/images/3/3e/Pegasus.png,[],[],The Battlestar Pegasus was a newer Mercury-class battlestar with advanced capabilities.
Colonial One,Battlestar Galactica,45,15,"[""transport"", ""colonial"", ""civilian"", ""presidential"", ""shuttle""]",https://static.wikia.nocookie.net/galactica/images/2/2e/Colonial_One.png,[],[],Colonial One was the presidential transport that became the seat of government after the Cylon attack.
Cylon Basestar (Modern),Battlestar Galactica,2082,285,"[""basestar"", ""cylon"", ""capital ship"", ""carrier"", ""organic""]",https://static.wikia.nocookie.net/galactica/images/3/3e/Basestar.png,[],[],The modern Cylon Basestar was a biomechanical vessel controlled by hybrid consciousness.
Cylon Basestar (Original),Battlestar Galactica,1768,250,"[""basestar"", ""cylon"", ""capital ship"", ""carrier"", ""classic""]",https://static.wikia.nocookie.net/galactica/images/2/2e/Original_Basestar.png,[],[],The original Cylon Basestar was a double-saucer design from the first Cylon War.
Cylon Raider,Battlestar Galactica,12,4,"[""raider"", ""cylon"", ""fighter"", ""organic"", ""sentient""]",https://static.wikia.nocookie.net/galactica/images/3/3e/Raider.png,[],[],The Cylon Raider was a sentient biomechanical fighter craft.
Colonial Viper Mk II,Battlestar Galactica,8,3,"[""fighter"", ""colonial"", ""viper"", ""space superiority""]",https://static.wikia.nocookie.net/galactica/images/2/2e/Viper_MkII.png,[],[],The Viper Mk II was the primary space superiority fighter of the Colonial Fleet.
Colonial Viper Mk VII,Battlestar Galactica,9,3,"[""fighter"", ""colonial"", ""viper"", ""advanced"", ""modern""]",https://static.wikia.nocookie.net/galactica/images/3/3e/Viper_MkVII.png,[],[],The Viper Mk VII was the advanced next-generation fighter before the Cylon attack.
Colonial Raptor,Battlestar Galactica,12,4,"[""multi-role"", ""colonial"", ""raptor"", ""recon"", ""electronic warfare""]",https://static.wikia.nocookie.net/galactica/images/2/2e/Raptor.png,[],[],"The Raptor was a multi-role craft used for reconnaissance, electronic warfare, and transport."
Cloud 9,Battlestar Galactica,1500,400,"[""luxury liner"", ""colonial"", ""civilian"", ""resort"", ""dome ship""]",https://static.wikia.nocookie.net/galactica/images/3/3e/Cloud_9.png,[],[],Cloud 9 was a luxury liner with massive pressurized dome environments.
BC-304 Daedalus-class (Deep Space Carrier),Stargate,732,135,"[""deep space carrier"", ""tau'ri"", ""earth"", ""asgard tech"", ""warship""]",https://static.wikia.nocookie.net/stargate/images/2/2e/Daedalus.png,[],[],"The BC-304 Daedalus-class was Earth's first deep space carrier, equipped with Asgard technology and beam weapons."
BC-303 Prometheus,Stargate,195,65,"[""battlecruiser"", ""tau'ri"", ""earth"", ""first"", ""prototype""]",https://static.wikia.nocookie.net/stargate/images/3/3e/Prometheus.png,[],[],"The BC-303 Prometheus was Earth's first interstellar battlecruiser, later destroyed in battle."
F-302 Fighter-Interceptor,Stargate,14,6,"[""fighter"", ""tau'ri"", ""earth"", ""interceptor"", ""multi-role""]",https://static.wikia.nocookie.net/stargate/images/2/2e/F302.png,[],[],"The F-302 was Earth's first production space superiority fighter, capable of both atmospheric and space combat."
Goa'uld Ha'tak,Stargate,700,315,"[""mothership"", ""goa'uld"", ""system lord"", ""pyramid"", ""capital ship""]",https://static.wikia.nocookie.net/stargate/images/3/3e/Hatak.png,[],[],"The Ha'tak was the standard Goa'uld mothership, a pyramid-shaped vessel used by System Lords."
Goa'uld Al'kesh,Stargate,35,15,"[""bomber"", ""goa'uld"", ""system lord"", ""mid-range"", ""support""]",https://static.wikia.nocookie.net/stargate/images/2/2e/Alkesh.png,[],[],The Al'kesh was a Goa'uld mid-range bomber and support vessel.
Goa'uld Death Glider,Stargate,8,4,"[""fighter"", ""goa'uld"", ""system lord"", ""air superiority""]",https://static.wikia.nocookie.net/stargate/images/3/3e/Death_Glider.png,[],[],The Death Glider was the primary Goa'uld fighter for both atmospheric and space combat.
Asgard O'Neill-class,Stargate,1500,400,"[""dreadnought"", ""asgard"", ""advanced"", ""beam weapons"", ""flagship""]",https://static.wikia.nocookie.net/stargate/images/2/2e/ONeill_Class.png,[],[],"The O'Neill-class was the most advanced Asgard warship, named after Colonel Jack O'Neill."
Asgard Bilskirnir-class,Stargate,1400,350,"[""warship"", ""asgard"", ""venerable"", ""beam weapons""]",https://static.wikia.nocookie.net/stargate/images/3/3e/Bilskirnir.png,[],[],"The Bilskirnir-class was a powerful Asgard warship, Thor's vessel of choice."
Ancient Aurora-class Battleship,Stargate,3500,1000,"[""battleship"", ""ancient"", ""lantean"", ""drone weapons"", ""advanced""]",https://static.wikia.nocookie.net/stargate/images/2/2e/Aurora_Class.png,[],[],"The Aurora-class battleship was one of the most powerful Ancient warships, equipped with drone weapons."
Ancient Destiny,Stargate,747,200,"[""exploration ship"", ""ancient"", ""seed ship"", ""automated"", ""old""]",https://static.wikia.nocookie.net/stargate/images/3/3e/Destiny.png,[],[],Destiny was an Ancient exploration vessel launched millions of years ago to explore the universe.
Ancient Puddle Jumper,Stargate,8,5,"[""shuttle"", ""ancient"", ""time jumper"", ""small"", ""versatile""]",https://static.wikia.nocookie.net/stargate/images/2/2e/Puddle_Jumper.png,[],[],The Puddle Jumper was a small Ancient shuttle capable of time travel and fitting through Stargates.
Ori Warship,Stargate,1100,400,"[""warship"", ""ori"", ""supergate"", ""advanced"", ""religious""]",https://static.wikia.nocookie.net/stargate/images/3/3e/Ori_Warship.png,[],[],"Ori warships were massive vessels built using knowledge from the Ori, equipped with powerful energy weapons."
Wraith Hive Ship,Stargate,8000,2500,"[""hive ship"", ""wraith"", ""organic"", ""culling"", ""capital ship""]",https://static.wikia.nocookie.net/stargate/images/2/2e/Hive_Ship.png,[],[],Wraith Hive Ships were massive organic vessels that served as mobile bases for Wraith hives.
Wraith Cruiser,Stargate,2500,800,"[""cruiser"", ""wraith"", ""organic"", ""support"", ""fast""]",https://static.wikia.nocookie.net/stargate/images/3/3e/Wraith_Cruiser.png,[],[],Wraith cruisers were smaller but faster organic vessels used for support and culling operations.
Wraith Dart,Stargate,6,2,"[""fighter"", ""wraith"", ""organic"", ""culling"", ""single-pilot""]",https://static.wikia.nocookie.net/stargate/images/2/2e/Wraith_Dart.png,[],[],The Wraith Dart was a small fighter used for culling humans and combat.
Replicator Cruiser,Stargate,1000,300,"[""cruiser"", ""replicator"", ""blocks"", ""self-replicating"", ""dangerous""]",https://static.wikia.nocookie.net/stargate/images/3/3e/Replicator_Cruiser.png,[],[],"Replicator cruisers were vessels constructed from replicator blocks, capable of self-repair."
MCRN Donnager-class Battleship,The Expanse,476,120,"[""battleship"", ""mcrn"", ""martian"", ""capital ship"", ""flagship""]",https://static.wikia.nocookie.net/expanse/images/2/2e/Donnager.png,[],[],"The MCRN Donnager was one of the largest battleships ever commissioned by Mars, almost 500 meters long."
MCRN Tachi/Rocinante (Corvette-class),The Expanse,46,18,"[""corvette"", ""mcrn"", ""rocinante"", ""fast attack"", ""protagonist""]",https://static.wikia.nocookie.net/expanse/images/3/3e/Rocinante.png,[],[],"The Tachi, later renamed Rocinante, was a Martian corvette that became the protagonists' ship."
UNN Truman-class Dreadnought,The Expanse,376,100,"[""dreadnought"", ""unn"", ""earth"", ""capital ship"", ""warship""]",https://static.wikia.nocookie.net/expanse/images/2/2e/Truman.png,[],[],"The UNN Truman-class dreadnought was Earth's primary capital ship, smaller than Martian counterparts."
MCRN Scirocco-class Assault Cruiser,The Expanse,200,60,"[""assault cruiser"", ""mcrn"", ""martian"", ""troop carrier"", ""warship""]",https://static.wikia.nocookie.net/expanse/images/3/3e/Scirocco.png,[],[],The Scirocco-class assault cruiser was a Martian vessel designed for planetary assault operations.
Nauvoo/Behemoth/Medina Station,The Expanse,2460,800,"[""generation ship"", ""mormon"", ""OPA"", ""station"", ""massive""]",https://static.wikia.nocookie.net/expanse/images/2/2e/Nauvoo.png,[],[],"The Nauvoo was a massive generation ship built by the Mormon Church, later converted into the Behemoth and then Medina Station."
Canterbury (Ice Hauler),The Expanse,750,200,"[""ice hauler"", ""canterbury"", ""civilian"", ""freighter"", ""water""]",https://static.wikia.nocookie.net/expanse/images/3/3e/Canterbury.png,[],[],The Canterbury was a large ice hauler transporting water from Saturn to the Belt.
Anubis (Stealth Ship),The Expanse,61,20,"[""stealth ship"", ""protogen"", ""covert"", ""advanced"", ""amun-ra""]",https://static.wikia.nocookie.net/expanse/images/2/2e/Anubis.png,[],[],The Anubis was a Protogen stealth ship involved in the protomolecule conspiracy.
Razorback (Racing Pinnace),The Expanse,20,8,"[""racing pinnace"", ""julie mao"", ""fast"", ""luxury"", ""small""]",https://static.wikia.nocookie.net/expanse/images/3/3e/Razorback.png,[],[],"The Razorback was Julie Mao's racing pinnace, one of the fastest ships in the system."
Knight (Shuttle),The Expanse,20,8,"[""shuttle"", ""canterbury"", ""utility"", ""small"", ""workhorse""]",https://static.wikia.nocookie.net/expanse/images/2/2e/Knight.png,[],[],The Knight was a utility shuttle aboard the Canterbury.
UNN Agatha King (Raptor-class),The Expanse,270,80,"[""cruiser"", ""unn"", ""earth"", ""warship"", ""fleet""]",https://static.wikia.nocookie.net/expanse/images/3/3e/Agatha_King.png,[],[],The UNN Agatha King was a Raptor-class cruiser in the UNN fleet.
Omega-class Destroyer,Babylon 5,1714,300,"[""destroyer"", ""earth alliance"", ""capital ship"", ""dreadnought"", ""carrier""]",https://static.wikia.nocookie.net/babylon5/images/2/2e/Omega_Class.png,[],[],"The Omega-class Destroyer was the most powerful ship in the Earth Alliance Star-Navy, combining heavy firepower with fighter support."
Hyperion-class Heavy Cruiser,Babylon 5,1188,250,"[""heavy cruiser"", ""earth alliance"", ""older"", ""warship""]",https://static.wikia.nocookie.net/babylon5/images/3/3e/Hyperion_Class.png,[],[],The Hyperion-class heavy cruiser was an older but still formidable Earth Alliance warship.
Nova-class Dreadnought,Babylon 5,1455,320,"[""dreadnought"", ""earth alliance"", ""heavy"", ""pre-omega""]",https://static.wikia.nocookie.net/babylon5/images/2/2e/Nova_Class.png,[],[],"The Nova-class dreadnought was the predecessor to the Omega-class, heavily armed but lacking fighter capability."
White Star-class Destroyer,Babylon 5,2990,500,"[""destroyer"", ""minbari"", ""ranger"", ""advanced"", ""organic""]",https://static.wikia.nocookie.net/babylon5/images/3/3e/White_Star.png,[],[],The White Star-class was an advanced Minbari-Ranger vessel combining Vorlon and Minbari technology.
Sharlin-class Warcruiser (Minbari),Babylon 5,1600,400,"[""warcruiser"", ""minbari"", ""capital ship"", ""advanced"", ""ancient""]",https://static.wikia.nocookie.net/babylon5/images/2/2e/Sharlin.png,[],[],"The Sharlin-class warcruiser was the Minbari Federation's primary capital ship, nearly unbeatable in combat."
Nial-class Fighter (Minbari),Babylon 5,16,6,"[""fighter"", ""minbari"", ""advanced"", ""space superiority""]",https://static.wikia.nocookie.net/babylon5/images/3/3e/Nial.png,[],[],"The Nial was the Minbari's advanced fighter, superior to most other craft."
G'Quan-class Heavy Cruiser (Narn),Babylon 5,1200,300,"[""heavy cruiser"", ""narn"", ""regime"", ""warship"", ""massive""]",https://static.wikia.nocookie.net/babylon5/images/2/2e/GQuan.png,[],[],The G'Quan-class heavy cruiser was the Narn Regime's primary capital ship.
Primus-class Battlecruiser (Centauri),Babylon 5,1670,400,"[""battlecruiser"", ""centauri"", ""republic"", ""elegant"", ""powerful""]",https://static.wikia.nocookie.net/babylon5/images/3/3e/Primus.png,[],[],The Primus-class battlecruiser was the Centauri Republic's most powerful warship.
Vorchan-class Medium Warship (Centauri),Babylon 5,608,150,"[""medium warship"", ""centauri"", ""republic"", ""fast"", ""versatile""]",https://static.wikia.nocookie.net/babylon5/images/2/2e/Vorchan.png,[],[],"The Vorchan-class was a fast, versatile medium warship used by the Centauri."
Shadow Battlecrab,Babylon 5,1000,400,"[""battlecrab"", ""shadow"", ""first ones"", ""organic"", ""ancient"", ""terrifying""]",https://static.wikia.nocookie.net/babylon5/images/3/3e/Shadow_Battlecrab.png,[],[],"Shadow Battlecrabs were organic vessels of the ancient Shadows, designed to inspire terror."
Shadow Scout,Babylon 5,200,80,"[""scout"", ""shadow"", ""first ones"", ""organic"", ""fast"", ""recon""]",https://static.wikia.nocookie.net/babylon5/images/2/2e/Shadow_Scout.png,[],[],Shadow Scouts were smaller organic vessels used for reconnaissance.
Vorlon Dreadnought,Babylon 5,2000,600,"[""dreadnought"", ""vorlon"", ""first ones"", ""ancient"", ""organic"", ""powerful""]",https://static.wikia.nocookie.net/babylon5/images/3/3e/Vorlon_Dreadnought.png,[],[],Vorlon Dreadnoughts were among the most powerful vessels of the First Ones.
Vorlon Transport,Babylon 5,100,40,"[""transport"", ""vorlon"", ""first ones"", ""ancient"", ""mysterious""]",https://static.wikia.nocookie.net/babylon5/images/2/2e/Vorlon_Transport.png,[],[],Vorlon Transports were mysterious vessels used for diplomatic and transport purposes.
Babylon 5 Station,Babylon 5,8000,8000,"[""space station"", ""earth alliance"", ""diplomatic"", ""trade hub"", ""neutral""]",https://static.wikia.nocookie.net/babylon5/images/2/2e/Babylon5.png,[],[],Babylon 5 was a massive O'Neill-class space station serving as a diplomatic hub and trade center.
Spacing Guild Heighliner,Dune,20000,5000,"[""heighliner"", ""spacing guild"", ""transport"", ""foldspace"", ""massive""]",https://static.wikia.nocookie.net/dune/images/2/2e/Heighliner.png,[],[],"Guild Heighliners were immense starships, upwards of twenty kilometers in length, used to transport people and equipment across the known universe via foldspace."
USCSS Nostromo (Lockmart CM-88B Bison),Alien,334,98,"[""freighter"", ""weyland-yutani"", ""commercial towing"", ""m-class"", ""veteran""]",https://static.wikia.nocookie.net/avp/images/2/2e/Nostromo.png,[],[],The USCSS Nostromo was a modified Lockmart CM-88B Bison M-Class star freighter that encountered the xenomorph.
USCSS Covenant (Model CY78.3 Affiance),Alien,1220,300,"[""colony ship"", ""weyland-yutani"", ""extended range"", ""colonization""]",https://static.wikia.nocookie.net/avp/images/3/3e/Covenant.png,[],[],"The USCSS Covenant was an extended range colony ship carrying 2,000 colonists bound for Origae-6."
USCSS Prometheus (Scientific Exploratory Vessel),Alien,130,36,"[""science vessel"", ""weyland"", ""exploration"", ""scientific"", ""research""]",https://static.wikia.nocookie.net/avp/images/2/2e/Prometheus.png,[],[],The USCSS Prometheus was a scientific exploratory vessel sent to LV-223 to find the Engineers.
USS Sulaco (Conestoga-class),Alien,385,100,"[""troop carrier"", ""uscm"", ""colonial marines"", ""conestoga"", ""warship""]",https://static.wikia.nocookie.net/avp/images/3/3e/Sulaco.png,[],[],The USS Sulaco was a Conestoga-class troop carrier transporting Colonial Marines to LV-426.
The Betty (Betty-class),Alien,44,20,"[""freighter"", ""unregistered"", ""mercenary"", ""small"", ""fast""]",https://static.wikia.nocookie.net/avp/images/2/2e/Betty.png,[],[],The Betty was an unregistered freighter used by mercenaries in Alien Resurrection.
USM Auriga,Alien,3657,900,"[""research vessel"", ""usm"", ""military"", ""cloning"", ""large""]",https://static.wikia.nocookie.net/avp/images/3/3e/Auriga.png,[],[],The USM Auriga was a large military research vessel where xenomorph cloning experiments took place.
Engineer Juggernaut,Alien,305,100,"[""juggernaut"", ""engineer"", ""ancient"", ""bioweapon"", ""derelict""]",https://static.wikia.nocookie.net/avp/images/2/2e/Juggernaut.png,[],[],The Engineer Juggernaut was an ancient vessel designed for transporting bioweapons.
Avatar-class Titan (Amarr),EVE Online,13000,3500,"[""titan"", ""amarr"", ""empire"", ""doomsday"", ""capital ship"", ""superweapon""]",https://static.wikia.nocookie.net/eve/images/2/2e/Avatar.png,[],[],"The Avatar-class Titan is the Amarr Empire's ultimate weapon, capable of unleashing doomsday weapons."
Erebus-class Titan (Gallente),EVE Online,14764,4000,"[""titan"", ""gallente"", ""federation"", ""doomsday"", ""capital ship"", ""superweapon""]",https://static.wikia.nocookie.net/eve/images/3/3e/Erebus.png,[],[],The Erebus-class Titan is the Gallente Federation's massive capital ship.
Leviathan-class Titan (Caldari),EVE Online,18714,5000,"[""titan"", ""caldari"", ""state"", ""doomsday"", ""capital ship"", ""missiles""]",https://static.wikia.nocookie.net/eve/images/2/2e/Leviathan.png,[],[],"The Leviathan-class Titan is the Caldari State's largest vessel, specializing in missile warfare."
Ragnarok-class Titan (Minmatar),EVE Online,18127,4500,"[""titan"", ""minmatar"", ""republic"", ""doomsday"", ""capital ship"", ""projectile""]",https://static.wikia.nocookie.net/eve/images/3/3e/Ragnarok.png,[],[],The Ragnarok-class Titan is the Minmatar Republic's massive capital ship.
Revenant-class Supercarrier,EVE Online,5588,1500,"[""supercarrier"", ""sansha"", ""pirate"", ""fighter"", ""capital ship""]",https://static.wikia.nocookie.net/eve/images/2/2e/Revenant.png,[],[],The Revenant-class Supercarrier is a rare Sansha's Nation vessel.
Wyvern-class Supercarrier (Caldari),EVE Online,3227,900,"[""supercarrier"", ""caldari"", ""state"", ""fighter"", ""capital ship""]",https://static.wikia.nocookie.net/eve/images/3/3e/Wyvern.png,[],[],The Wyvern-class Supercarrier is the Caldari State's fighter carrier.
Aeon-class Supercarrier (Amarr),EVE Online,4673,1200,"[""supercarrier"", ""amarr"", ""empire"", ""fighter"", ""capital ship""]",https://static.wikia.nocookie.net/eve/images/2/2e/Aeon.png,[],[],The Aeon-class Supercarrier is the Amarr Empire's heavy fighter carrier.
Moros-class Dreadnought (Gallente),EVE Online,3207,900,"[""dreadnought"", ""gallente"", ""federation"", ""siege"", ""capital ship""]",https://static.wikia.nocookie.net/eve/images/3/3e/Moros.png,[],[],The Moros-class Dreadnought is the Gallente Federation's siege platform.
Apocalypse-class Battleship (Amarr),EVE Online,1250,350,"[""battleship"", ""amarr"", ""empire"", ""laser"", ""warship""]",https://static.wikia.nocookie.net/eve/images/2/2e/Apocalypse.png,[],[],The Apocalypse-class Battleship is an Amarr laser-armed warship.
Raven-class Battleship (Caldari),EVE Online,1024,300,"[""battleship"", ""caldari"", ""state"", ""missiles"", ""warship""]",https://static.wikia.nocookie.net/eve/images/3/3e/Raven.png,[],[],The Raven-class Battleship is the Caldari State's missile platform.
Megathron-class Battleship (Gallente),EVE Online,1100,320,"[""battleship"", ""gallente"", ""federation"", ""blasters"", ""warship""]",https://static.wikia.nocookie.net/eve/images/2/2e/Megathron.png,[],[],The Megathron-class Battleship is the Gallente Federation's primary battleship.
Tempest-class Battleship (Minmatar),EVE Online,1050,300,"[""battleship"", ""minmatar"", ""republic"", ""projectile"", ""warship""]",https://static.wikia.nocookie.net/eve/images/3/3e/Tempest.png,[],[],The Tempest-class Battleship is the Minmatar Republic's versatile warship.
Hyperion (Behemoth-class Battlecruiser),StarCraft,1000,243,"[""battlecruiser"", ""terran"", ""dominion"", ""flagship"", ""jim raynor""]",https://static.wikia.nocookie.net/starcraft/images/2/2e/Hyperion.png,[],[],"The Hyperion is Jim Raynor's flagship, a Behemoth-class battlecruiser and mobile base for Raynor's Raiders."
Bucephalus (Gorgon-class Battlecruiser),StarCraft,560,150,"[""battlecruiser"", ""terran"", ""dominion"", ""emperor"", ""flagship""]",https://static.wikia.nocookie.net/starcraft/images/3/3e/Bucephalus.png,[],[],"The Bucephalus was Emperor Arcturus Mengsk's flagship, a Gorgon-class battlecruiser."
Leviathan (Zerg),StarCraft,11000,3000,"[""leviathan"", ""zerg"", ""swarm"", ""organic"", ""capital ship"", ""kerrigan""]",https://static.wikia.nocookie.net/starcraft/images/2/2e/Leviathan.png,[],[],The Leviathan is a massive Zerg space creature that serves as a capital ship and mobile hive.
Carrier (Protoss),StarCraft,1400,400,"[""carrier"", ""protoss"", ""daelaam"", ""capital ship"", ""interceptor""]",https://static.wikia.nocookie.net/starcraft/images/3/3e/Carrier.png,[],[],The Protoss Carrier is a massive capital ship that deploys swarms of robotic Interceptors.
Mothership (Protoss),StarCraft,1200,350,"[""mothership"", ""protoss"", ""daelaam"", ""capital ship"", ""superweapon""]",https://static.wikia.nocookie.net/starcraft/images/2/2e/Mothership.png,[],[],The Protoss Mothership is a rare and powerful vessel equipped with planet-destroying capabilities.
Void Ray (Protoss),StarCraft,180,60,"[""void ray"", ""protoss"", ""daelaam"", ""warship"", ""focused beam""]",https://static.wikia.nocookie.net/starcraft/images/3/3e/Void_Ray.png,[],[],The Void Ray is a Protoss warship armed with a prismatic beam that intensifies over time.
Battlecruiser (Minotaur-class),StarCraft,550,150,"[""battlecruiser"", ""terran"", ""dominion"", ""warship"", ""yamato""]",https://static.wikia.nocookie.net/starcraft/images/2/2e/Minotaur_BC.png,[],[],The Minotaur-class battlecruiser is the Dominion's standard capital ship.
Science Vessel,StarCraft,80,40,"[""science vessel"", ""terran"", ""support"", ""research"", ""detection""]",https://static.wikia.nocookie.net/starcraft/images/3/3e/Science_Vessel.png,[],[],The Science Vessel is a Terran support vessel used for research and detection.
Overlord (Zerg),StarCraft,60,40,"[""overlord"", ""zerg"", ""swarm"", ""support"", ""detection"", ""transport""]",https://static.wikia.nocookie.net/starcraft/images/2/2e/Overlord.png,[],[],"The Overlord is a Zerg support creature used for command, detection, and transport."
Mutalisk (Zerg),StarCraft,12,4,"[""mutalisk"", ""zerg"", ""swarm"", ""fighter"", ""glave wurm""]",https://static.wikia.nocookie.net/starcraft/images/3/3e/Mutalisk.png,[],[],The Mutalisk is a Zerg air unit that fires Glave Wurms at targets.
Dreadnaught (Oryx's),Destiny,1000,300,"[""dreadnaught"", ""hive"", ""oryx"", ""taken king"", ""superweapon"", ""moon-sized""]",https://static.wikia.nocookie.net/destinypedia/images/2/2e/Dreadnaught.png,[],[],"Oryx's Dreadnaught is a massive Hive fortress carved from the corpse of the Worm God Akka, capable of destroying worlds."
Leviathan (Calus's),Destiny,120,40,"[""leviathan"", ""cabal"", ""calus"", ""world-eater"", ""massive""]",https://static.wikia.nocookie.net/destinypedia/images/3/3e/Leviathan.png,[],[],"The Leviathan is Emperor Calus's massive world-eating ship, capable of consuming planets."
Hive Tombship,Destiny,30,10,"[""tombship"", ""hive"", ""transport"", ""dropship"", ""organic""]",https://static.wikia.nocookie.net/destinypedia/images/2/2e/Tombship.png,[],[],Hive Tombships are organic dropships used to transport Hive forces.
Fallen Ketch,Destiny,200,80,"[""ketch"", ""fallen"", ""eliksni"", ""warship"", ""house""]",https://static.wikia.nocookie.net/destinypedia/images/3/3e/Ketch.png,[],[],The Fallen Ketch is a medium warship used by Eliksni Houses.
Fallen Skiff,Destiny,25,10,"[""skiff"", ""fallen"", ""eliksni"", ""transport"", ""dropship""]",https://static.wikia.nocookie.net/destinypedia/images/2/2e/Skiff.png,[],[],Fallen Skiffs are small transport vessels used for troop deployment.
Cabal Harvester,Destiny,80,30,"[""harvester"", ""cabal"", ""empire"", ""dropship"", ""heavy""]",https://static.wikia.nocookie.net/destinypedia/images/3/3e/Harvester.png,[],[],Cabal Harvesters are heavy dropships used for planetary assault.
Cabal Thresher,Destiny,40,15,"[""thresher"", ""cabal"", ""empire"", ""gunship"", ""support""]",https://static.wikia.nocookie.net/destinypedia/images/2/2e/Thresher.png,[],[],Cabal Threshers are gunships providing air support to ground forces.
Vex Gate Lord,Destiny,15,8,"[""gate lord"", ""vex"", ""time traveling"", ""defense"", ""powerful""]",https://static.wikia.nocookie.net/destinypedia/images/3/3e/Gate_Lord.png,[],[],Gate Lords are massive Vex units that defend key Vex gates.
 jumpship (Guardian),Destiny,20,8,"[""jumpship"", ""guardian"", ""vanguard"", ""personal"", ""transmat""]",https://static.wikia.nocookie.net/destinypedia/images/2/2e/Jumpship.png,[],[],Guardian jumpships are personal spacecraft used for travel between destinations.
SCV-70 White Base (Pegasus-class),Mobile Suit Gundam,262,93,"[""assault carrier"", ""earth federation"", ""mobile suit"", ""prototype"", ""famous""]",https://static.wikia.nocookie.net/gundam/images/2/2e/White_Base.png,[],[],The White Base was the Earth Federation's prototype assault carrier that launched the Gundam into battle.
Argama-class (Argama),Mobile Suit Gundam,342,77,"[""assault cruiser"", ""aeug"", ""anti-earth"", ""mobile suit"", ""zeta""]",https://static.wikia.nocookie.net/gundam/images/3/3e/Argama.png,[],[],The Argama-class assault cruiser was the AEUG's flagship during the Gryps Conflict.
Nahel Argama,Mobile Suit Gundam,380,85,"[""assault cruiser"", ""londo bell"", ""earth federation"", ""mobile suit"", ""unicorn""]",https://static.wikia.nocookie.net/gundam/images/2/2e/Nahel_Argama.png,[],[],The Nahel Argama was a modified Argama-class cruiser that served as the Londo Bell flagship.
Musai-class (Zeon),Mobile Suit Gundam,220,60,"[""light cruiser"", ""zeon"", ""principality"", ""mobile suit"", ""early""]",https://static.wikia.nocookie.net/gundam/images/3/3e/Musai.png,[],[],The Musai-class light cruiser was the Principality of Zeon's primary warship.
Gwazine-class (Zeon),Mobile Suit Gundam,440,120,"[""battleship"", ""zeon"", ""principality"", ""flagship"", ""heavy""]",https://static.wikia.nocookie.net/gundam/images/2/2e/Gwazine.png,[],[],The Gwazine-class battleship was Zeon's largest and most powerful warship.
Salamis-class (Federation),Mobile Suit Gundam,288,70,"[""cruiser"", ""earth federation"", ""common"", ""warship"", ""veteran""]",https://static.wikia.nocookie.net/gundam/images/3/3e/Salamis.png,[],[],The Salamis-class cruiser was the Earth Federation's standard warship before the One Year War.
Magellan-class (Federation),Mobile Suit Gundam,320,80,"[""battleship"", ""earth federation"", ""heavy"", ""pre-oyw"", ""veteran""]",https://static.wikia.nocookie.net/gundam/images/2/2e/Magellan.png,[],[],The Magellan-class battleship was the Earth Federation's primary capital ship before mobile suits.
Ra Cailum-class,Mobile Suit Gundam,400,100,"[""battleship"", ""earth federation"", ""londo bell"", ""mobile suit"", ""char""]",https://static.wikia.nocookie.net/gundam/images/3/3e/Ra_Cailum.png,[],[],The Ra Cailum-class battleship was a modern design serving as the Londo Bell flagship.
Archangel (LCAM-01XA),Mobile Suit Gundam,420,110,"[""assault ship"", ""earth alliance"", ""archangel"", ""mobile suit"", ""seed""]",https://static.wikia.nocookie.net/gundam/images/2/2e/Archangel.png,[],[],The Archangel was an Earth Alliance assault ship that became famous during the Bloody Valentine War.
Minerva (ZAFT),Mobile Suit Gundam,320,90,"[""assault ship"", ""zaft"", ""plant"", ""mobile suit"", ""seed destiny""]",https://static.wikia.nocookie.net/gundam/images/3/3e/Minerva.png,[],[],The Minerva was a ZAFT assault ship serving as a mobile suit carrier.
Ptolemaios (CBS-70),Mobile Suit Gundam,251,85,"[""assault carrier"", ""celestial being"", ""gundam"", ""gn drive"", ""00""]",https://static.wikia.nocookie.net/gundam/images/2/2e/Ptolemaios.png,[],[],"The Ptolemaios was Celestial Being's mobile suit assault carrier, home to the Gundam Meisters."
Diva (Assault Cruiser),Mobile Suit Gundam,200,60,"[""assault cruiser"", ""earth federation"", ""age"", ""mobile suit"", ""diva""]",https://static.wikia.nocookie.net/gundam/images/3/3e/Diva.png,[],[],The Diva was an Earth Federation assault cruiser during the A.G. era.
SDF-1 Macross,Macross,1210,312,"[""super dimension fortress"", ""un spacy"", ""variable"", ""transformable"", ""first""]",https://static.wikia.nocookie.net/macross/images/2/2e/SDF1.png,[],[],The SDF-1 Macross was a Super Dimension Fortress that could transform into a humanoid configuration.
SDF-2 Megaroad,Macross,1620,400,"[""super dimension fortress"", ""un spacy"", ""colony"", ""long range"", ""emigration""]",https://static.wikia.nocookie.net/macross/images/3/3e/SDF2.png,[],[],The SDF-2 Megaroad was a long-range emigration fleet flagship.
Macross Quarter,Macross,400,120,"[""variable carrier"", ""sms"", ""macross"", ""small"", ""frontier""]",https://static.wikia.nocookie.net/macross/images/2/2e/Macross_Quarter.png,[],[],The Macross Quarter was a smaller variable assault carrier used by SMS.
Macross Frontier (Island 1),Macross,15000,3000,"[""colony ship"", ""macross"", ""frontier"", ""city ship"", ""emigration""]",https://static.wikia.nocookie.net/macross/images/3/3e/Macross_Frontier.png,[],[],Macross Frontier's Island 1 was a massive city ship housing millions of colonists.
Zentraedi Nupetiet-Vergnitzs-class Flagship,Macross,4024,1200,"[""flagship"", ""zentraedi"", ""supervision army"", ""massive"", ""command""]",https://static.wikia.nocookie.net/macross/images/2/2e/Nupetiet.png,[],[],The Nupetiet-Vergnitzs-class was the Zentraedi's largest and most powerful flagship.
Zentraedi Queadol-Magdomilla-class Command Ship,Macross,2700,800,"[""command ship"", ""zentraedi"", ""supervision army"", ""large"", ""control""]",https://static.wikia.nocookie.net/macross/images/3/3e/Queadol.png,[],[],The Queadol-Magdomilla-class was a Zentraedi command ship used for fleet control.
Zentraedi Thuverl-Salan-class Destroyer,Macross,2300,700,"[""destroyer"", ""zentraedi"", ""supervision army"", ""common"", ""warship""]",https://static.wikia.nocookie.net/macross/images/2/2e/Thuverl.png,[],[],The Thuverl-Salan-class destroyer was a common Zentraedi warship.
VF-1 Valkyrie,Macross,14,5,"[""variable fighter"", ""un spacy"", ""valkyrie"", ""transformable"", ""iconic""]",https://static.wikia.nocookie.net/macross/images/3/3e/VF1_Valkyrie.png,[],[],"The VF-1 Valkyrie was the first mass-produced variable fighter capable of transforming between fighter, gerwalk, and battroid modes."
Brünhild (Galactic Empire),Legend of Galactic Heroes,1007,173,"[""battleship"", ""galactic empire"", ""reinhard"", ""flagship"", ""experimental""]",https://static.wikia.nocookie.net/gineipaedia/images/2/2e/Brunhild.png,[],[],"The Brünhild was Reinhard von Lohengramm's personal flagship, an experimental battleship with unique fluid metal armor."
Barbarossa (Galactic Empire),Legend of Galactic Heroes,980,170,"[""battleship"", ""galactic empire"", ""kircheis"", ""flagship"", ""red""]",https://static.wikia.nocookie.net/gineipaedia/images/3/3e/Barbarossa.png,[],[],"The Barbarossa was Siegfried Kircheis's flagship, painted in his signature red color."
Wilhelmina (Galactic Empire),Legend of Galactic Heroes,1100,180,"[""battleship"", ""galactic empire"", ""flagship"", ""standard"", ""command""]",https://static.wikia.nocookie.net/gineipaedia/images/2/2e/Wilhelmina.png,[],[],The Wilhelmina-class was a standard Imperial flagship design used by high-ranking admirals.
Hyperion (Free Planets Alliance),Legend of Galactic Heroes,950,160,"[""battleship"", ""free planets alliance"", ""yang"", ""flagship"", ""legendary""]",https://static.wikia.nocookie.net/gineipaedia/images/3/3e/Hyperion.png,[],[],"The Hyperion was Yang Wen-li's flagship, a legendary vessel that led the Alliance to many victories."
Patroklos (Free Planets Alliance),Legend of Galactic Heroes,920,155,"[""battleship"", ""free planets alliance"", ""flagship"", ""standard"", ""warship""]",https://static.wikia.nocookie.net/gineipaedia/images/2/2e/Patroklos.png,[],[],The Patroklos-class was a standard Alliance battleship design.
Tristan (Free Planets Alliance),Legend of Galactic Heroes,940,158,"[""battleship"", ""free planets alliance"", ""flagship"", ""command"", ""warship""]",https://static.wikia.nocookie.net/gineipaedia/images/3/3e/Tristan.png,[],[],The Tristan was another Alliance battleship design used by various admirals.
Serenity (03-K64-Firefly),Firefly,82,24,"[""transport"", ""firefly"", ""independent"", ""malcolm reynolds"", ""midbulk""]",https://static.wikia.nocookie.net/firefly/images/2/2e/Serenity.png,[],[],"Serenity was a Firefly-class transport ship captained by Malcolm Reynolds, home to a crew of smugglers and fugitives."
I.A.V. Tohoku (Alliance),Firefly,549,150,"[""cruiser"", ""alliance"", ""union of allied planets"", ""military"", ""heavy""]",https://static.wikia.nocookie.net/firefly/images/3/3e/Tohoku.png,[],[],The I.A.V. Tohoku was an Alliance heavy cruiser.
Reaver Fleet Vessel,Firefly,60,20,"[""reaver"", ""raider"", ""modified"", ""terrifying"", ""savage""]",https://static.wikia.nocookie.net/firefly/images/2/2e/Reaver_Ship.png,[],[],Reaver vessels were modified ships crewed by the savage Reavers of the rim.
Bebop (Fishing Trawler),Cowboy Bebop,142,46,"[""fishing trawler"", ""converted"", ""bounty hunters"", ""jet black"", ""spike""]",https://static.wikia.nocookie.net/cowboybebop/images/2/2e/Bebop.png,[],[],The Bebop was a converted fishing trawler that served as home to a crew of bounty hunters.
Swordfish II (Spike's Fighter),Cowboy Bebop,14,5,"[""fighter"", ""mono racer"", ""spike"", ""modified"", ""fast""]",https://static.wikia.nocookie.net/cowboybebop/images/3/3e/Swordfish_II.png,[],[],"The Swordfish II was Spike Spiegel's personal MONO racer, heavily modified for bounty hunting."
Red Tail (Faye's Fighter),Cowboy Bebop,12,4,"[""fighter"", ""personal"", ""faye"", ""modified"", ""versatile""]",https://static.wikia.nocookie.net/cowboybebop/images/2/2e/Red_Tail.png,[],[],The Red Tail was Faye Valentine's personal spacecraft.
Hammerhead (Jet's Ship),Cowboy Bebop,18,6,"[""shuttle"", ""personal"", ""jet"", ""tug"", ""utility""]",https://static.wikia.nocookie.net/cowboybebop/images/3/3e/Hammerhead.png,[],[],The Hammerhead was Jet Black's personal utility craft.
Dalek Saucer,Doctor Who,50,20,"[""saucer"", ""dalek"", ""empire"", ""invasion"", ""classic""]",https://static.wikia.nocookie.net/tardis/images/2/2e/Dalek_Saucer.png,[],[],"Dalek Saucers were the standard spacecraft of the Dalek Empire, used for invasion fleets."
Dalek Mothership,Doctor Who,200,80,"[""mothership"", ""dalek"", ""empire"", ""command"", ""flagship""]",https://static.wikia.nocookie.net/tardis/images/3/3e/Dalek_Mothership.png,[],[],Dalek Motherships were massive command vessels leading Dalek fleets.
Cyberman Ship,Doctor Who,100,40,"[""cyber ship"", ""cyberman"", ""cyber legion"", ""upgrade"", ""vessel""]",https://static.wikia.nocookie.net/tardis/images/2/2e/Cyber_Ship.png,[],[],Cyber Ships were vessels used by Cybermen for travel and invasion.
Sontaran Battlecruiser,Doctor Who,150,50,"[""battlecruiser"", ""sontaran"", ""sontaran empire"", ""war"", ""clone""]",https://static.wikia.nocookie.net/tardis/images/3/3e/Sontaran_Ship.png,[],[],Sontaran Battlecruisers were the primary warships of the Sontaran Empire.
Silurian Ark,Doctor Who,10000,3000,"[""ark"", ""silurian"", ""dinosaur"", ""preservation"", ""massive""]",https://static.wikia.nocookie.net/tardis/images/2/2e/Silurian_Ark.png,[],[],The Silurian Ark was a massive spacecraft carrying dinosaurs and other prehistoric life.
Pandorica Chamber,Doctor Who,20,10,"[""prison"", ""alliance"", ""containment"", ""doctor"", ""legendary""]",https://static.wikia.nocookie.net/tardis/images/3/3e/Pandorica.png,[],[],The Pandorica was a legendary prison designed to contain the Doctor.
Ark (Autobot),Transformers,1000,300,"[""spacecraft"", ""autobot"", ""cybertron"", ""crash landed"", ""venerable""]",https://static.wikia.nocookie.net/transformers/images/2/2e/Ark.png,[],[],The Ark was the Autobot spacecraft that crashed on Earth four million years ago.
Nemesis (Decepticon),Transformers,1200,350,"[""spacecraft"", ""decepticon"", ""cybertron"", ""warship"", ""megatron""]",https://static.wikia.nocookie.net/transformers/images/3/3e/Nemesis.png,[],[],The Nemesis was the Decepticon warship commanded by Megatron.
Omega Supreme,Transformers,800,500,"[""guardian"", ""autobot"", ""cybertron"", ""city former"", ""ancient""]",https://static.wikia.nocookie.net/transformers/images/2/2e/Omega_Supreme.png,[],[],Omega Supreme was an ancient Autobot guardian and city-former.
Metroplex (Autobot City),Transformers,800,600,"[""city former"", ""autobot"", ""metroplex"", ""massive"", ""transforming""]",https://static.wikia.nocookie.net/transformers/images/3/3e/Metroplex.png,[],[],Metroplex was a massive Autobot city-former capable of transforming into a robot.
Trypticon (Decepticon City),Transformers,800,600,"[""city former"", ""decepticon"", ""trypticon"", ""massive"", ""transforming""]",https://static.wikia.nocookie.net/transformers/images/2/2e/Trypticon.png,[],[],"Trypticon was the Decepticon counterpart to Metroplex, a massive city-former."
Foundation's Edge Ship,Foundation,200,60,"[""exploration"", ""foundation"", ""second foundation"", ""advanced"", ""psychohistory""]",https://static.wikia.nocookie.net/asimov/images/2/2e/Foundation_Ship.png,[],[],Foundation vessels were advanced ships used by the Foundation for exploration and trade.
Moya (Leviathan),Farscape,800,400,"[""leviathan"", ""living ship"", ""moya"", ""prisoner transport"", ""organic""]",https://static.wikia.nocookie.net/farscape/images/2/2e/Moya.png,[],[],Moya was a living Leviathan biomechanoid that served as a prison transport before escaping with escaped prisoners.
Talyn (Leviathan Gunship),Farscape,600,300,"[""leviathan"", ""living ship"", ""talyn"", ""gunship"", ""hybrid""]",https://static.wikia.nocookie.net/farscape/images/3/3e/Talyn.png,[],[],"Talyn was a hybrid Peacekeeper-Leviathan gunship, Moya's offspring."
Command Carrier (Peacekeeper),Farscape,5000,1500,"[""command carrier"", ""peacekeeper"", ""scarran"", ""capital ship"", ""flagship""]",https://static.wikia.nocookie.net/farscape/images/2/2e/Command_Carrier.png,[],[],Peacekeeper Command Carriers were massive capital ships serving as mobile bases.
Scarran Dreadnought,Farscape,4000,1200,"[""dreadnought"", ""scarran"", ""empire"", ""capital ship"", ""powerful""]",https://static.wikia.nocookie.net/farscape/images/3/3e/Scarran_Dreadnought.png,[],[],Scarran Dreadnoughts were massive warships of the Scarran Empire.
Lo'La (Luxan Fighter),Farscape,25,10,"[""fighter"", ""luxan"", ""dargo"", ""personal"", ""advanced""]",https://static.wikia.nocookie.net/farscape/images/2/2e/LoLa.png,[],[],Lo'La was D'Argo's advanced Luxan fighter.
Andromeda Ascendant (Glorious Heritage),Andromeda,1300,400,"[""heavy cruiser"", ""systems commonwealth"", ""avatar"", ""ai"", ""restoration""]",https://static.wikia.nocookie.net/andromeda/images/2/2e/Andromeda_Ascendant.png,[],[],"The Andromeda Ascendant was a Glorious Heritage-class heavy cruiser with an AI avatar, key to restoring the Commonwealth."
Eureka Maru,Andromeda,60,25,"[""salvage ship"", ""independent"", ""becka"", ""small"", ""versatile""]",https://static.wikia.nocookie.net/andromeda/images/3/3e/Eureka_Maru.png,[],[],The Eureka Maru was Beka Valentine's salvage ship that rescued the Andromeda.
Worldship (Magog),Andromeda,10000,3000,"[""worldship"", ""magog"", ""swarm ship"", ""organic"", ""terrifying""]",https://static.wikia.nocookie.net/andromeda/images/2/2e/Worldship.png,[],[],Magog Worldships were massive swarm ships carrying billions of Magog.
USS Orville (ECV-197),The Orville,720,200,"[""explorer"", ""planetary union"", ""mid-level"", ""science"", ""comedy""]",https://static.wikia.nocookie.net/orville/images/2/2e/Orville.png,[],[],The USS Orville was a mid-level exploratory vessel in the Planetary Union.
USS Enterprise (SCV-183),The Orville,850,250,"[""heavy cruiser"", ""planetary union"", ""flagship"", ""advanced"", ""powerful""]",https://static.wikia.nocookie.net/orville/images/3/3e/Enterprise_Orville.png,[],[],The USS Enterprise was a heavy cruiser in the Planetary Union.
Krill Destroyer,The Orville,400,120,"[""destroyer"", ""krill"", ""theocratic"", ""aggressive"", ""enemy""]",https://static.wikia.nocookie.net/orville/images/2/2e/Krill_Destroyer.png,[],[],"Krill Destroyers were vessels of the Krill, religious adversaries of the Planetary Union."
GSV Sleeper Service (General Systems Vehicle),The Culture,50000,15000,"[""general systems vehicle"", ""culture"", ""mind"", ""massive"", ""eccentric""]",https://static.wikia.nocookie.net/theculture/images/2/2e/Sleeper_Service.png,[],[],The Sleeper Service was an Eccentric GSV that played a crucial role in the Idiran-Culture War.
GSV Oceanic (General Systems Vehicle),The Culture,50000,15000,"[""general systems vehicle"", ""culture"", ""mind"", ""habitat"", ""massive""]",https://static.wikia.nocookie.net/theculture/images/3/3e/GSV.png,[],[],General Systems Vehicles were massive Culture ships housing millions of inhabitants.
ROU Attitude Adjuster (Rapid Offensive Unit),The Culture,300,100,"[""rapid offensive unit"", ""culture"", ""warship"", ""fast"", ""aggressive""]",https://static.wikia.nocookie.net/theculture/images/2/2e/ROU.png,[],[],"Rapid Offensive Units were fast, heavily armed Culture warships."
LOU Caconym (Limited Offensive Unit),The Culture,200,70,"[""limited offensive unit"", ""culture"", ""warship"", ""compact"", ""powerful""]",https://static.wikia.nocookie.net/theculture/images/3/3e/LOU.png,[],[],Limited Offensive Units were compact but powerful Culture warships.
GCU Grey Area (General Contact Unit),The Culture,150,50,"[""general contact unit"", ""culture"", ""diplomatic"", ""exploration"", ""versatile""]",https://static.wikia.nocookie.net/theculture/images/2/2e/GCU.png,[],[],General Contact Units were versatile Culture ships for exploration and diplomacy.
Heart of Gold (Improbability Drive),The Hitchhiker's Guide to the Galaxy,150,60,"[""starship"", ""improbability drive"", ""infinite"", ""gold"", ""revolutionary""]",https://static.wikia.nocookie.net/hitchhikers/images/2/2e/Heart_of_Gold.png,[],[],"The Heart of Gold was powered by the Infinite Improbability Drive, making it the most unpredictable ship in existence."
Vogon Constructor Fleet,The Hitchhiker's Guide to the Galaxy,200,80,"[""constructor"", ""vogon"", ""bureaucratic"", ""destruction"", ""yellow""]",https://static.wikia.nocookie.net/hitchhikers/images/3/3e/Vogon_Ship.png,[],[],Vogon Constructor ships were used to demolish planets for hyperspace bypasses.
Goldwing (Zaphod's Ship),The Hitchhiker's Guide to the Galaxy,50,20,"[""personal"", ""zaphod"", ""beeblebrox"", ""stolen"", ""fast""]",https://static.wikia.nocookie.net/hitchhikers/images/2/2e/Goldwing.png,[],[],"The Goldwing was Zaphod Beeblebrox's personal ship, stolen from the Imperial Galactic Government."
City Destroyer (Alien),Independence Day,24000,8000,"[""city destroyer"", ""alien"", ""harvester"", ""massive"", ""destructive""]",https://static.wikia.nocookie.net/independenceday/images/2/2e/City_Destroyer.png,[],[],City Destroyers were massive alien vessels capable of destroying entire cities with a single blast.
Attacker (Alien Fighter),Independence Day,30,12,"[""fighter"", ""alien"", ""harvester"", ""maneuverable"", ""shielded""]",https://static.wikia.nocookie.net/independenceday/images/3/3e/Attacker.png,[],[],Alien Attackers were shielded fighters deployed from City Destroyers.
Mothership (Alien),Independence Day,550000,180000,"[""mothership"", ""alien"", ""harvester"", ""colossal"", ""queen""]",https://static.wikia.nocookie.net/independenceday/images/2/2e/Mothership.png,[],[],The Alien Mothership was a colossal vessel serving as the command center for the invasion fleet.
ISV Venture Star (Interstellar Vehicle),Avatar,1600,400,"[""interstellar vehicle"", ""rda"", ""pandora"", ""matter-antimatter"", ""colony""]",https://static.wikia.nocookie.net/jamescameronsavatar/images/2/2e/Venture_Star.png,[],[],The ISV Venture Star was an interstellar vehicle transporting personnel and materials between Earth and Pandora.
Valkyrie Shuttle,Avatar,35,15,"[""shuttle"", ""rda"", ""pandora"", ""dropship"", ""twin-rotor""]",https://static.wikia.nocookie.net/jamescameronsavatar/images/3/3e/Valkyrie.png,[],[],The Valkyrie was a twin-rotor shuttle used for transport between the ISV and Hell's Gate.
Dragon Assault Ship,Avatar,50,20,"[""gunship"", ""rda"", ""pandora"", ""military"", ""heavy""]",https://static.wikia.nocookie.net/jamescameronsavatar/images/2/2e/Dragon.png,[],[],The Dragon was a heavily armed gunship used by RDA security forces.
Samson (Utility Tiltrotor),Avatar,18,8,"[""tiltrotor"", ""rda"", ""pandora"", ""utility"", ""transport""]",https://static.wikia.nocookie.net/jamescameronsavatar/images/3/3e/Samson.png,[],[],The Samson was a utility tiltrotor used for transport and support on Pandora.
Titan (Earth Ship),Titan A.E.,5000,1500,"[""titan"", ""earth"", ""drej"", ""creation"", ""planet seeding""]",https://static.wikia.nocookie.net/titan/images/2/2e/Titan.png,[],[],"The Titan was an Earth ship capable of creating new planets, hidden from the Drej."
Valkyrie (Korso's Ship),Titan A.E.,80,30,"[""ship"", ""korso"", ""mercenary"", ""fast"", ""versatile""]",https://static.wikia.nocookie.net/titan/images/3/3e/Valkyrie_Titan.png,[],[],"The Valkyrie was Joseph Korso's ship, used to search for the Titan."
Drej Mothership,Titan A.E.,30000,10000,"[""mothership"", ""drej"", ""alien"", ""energy beings"", ""destructive""]",https://static.wikia.nocookie.net/titan/images/2/2e/Drej_Mothership.png,[],[],The Drej Mothership was the command vessel of the energy-based Drej.
Milano (Star-Lord's Ship),Guardians of the Galaxy,35,15,"[""ship"", ""star-lord"", ""ravager"", ""personal"", ""music""]",https://static.wikia.nocookie.net/marvelcinematicuniverse/images/2/2e/Milano.png,[],[],"The Milano was Peter Quill's personal ship, named after his childhood crush."
Benatar (Guardians' Ship),Guardians of the Galaxy,40,18,"[""ship"", ""guardians"", ""team"", ""upgraded"", ""quantum""]",https://static.wikia.nocookie.net/marvelcinematicuniverse/images/3/3e/Benatar.png,[],[],The Benatar was the Guardians' upgraded ship after the Milano was destroyed.
Sanctuary II (Thanos's Ship),Guardians of the Galaxy,800,300,"[""warship"", ""thanos"", ""black order"", ""massive"", ""terrifying""]",https://static.wikia.nocookie.net/marvelcinematicuniverse/images/2/2e/Sanctuary_II.png,[],[],"Sanctuary II was Thanos's massive warship, capable of deploying armies."
Dark Aster (Ronan's Ship),Guardians of the Galaxy,600,250,"[""warship"", ""ronan"", ""kree"", ""accuser"", ""powerful""]",https://static.wikia.nocookie.net/marvelcinematicuniverse/images/3/3e/Dark_Aster.png,[],[],The Dark Aster was Ronan the Accuser's flagship.
Eclector (Ravager Command Ship),Guardians of the Galaxy,500,200,"[""command ship"", ""ravager"", ""yondu"", ""pirate"", ""massive""]",https://static.wikia.nocookie.net/marvelcinematicuniverse/images/2/2e/Eclector.png,[],[],The Eclector was the Ravagers' command ship under Yondu Udonta.
Red Dwarf (Mining Ship),Red Dwarf,6000,1500,"[""mining ship"", ""jmc"", ""red dwarf"", ""massive"", ""crew of four""]",https://static.wikia.nocookie.net/reddwarf/images/2/2e/Red_Dwarf.png,[],[],"Red Dwarf was a massive JMC mining ship that became home to the last human, a hologram, a cat, and a mechanoid."
Starbug (Shuttle),Red Dwarf,40,20,"[""shuttle"", ""red dwarf"", ""transport"", ""green"", ""utility""]",https://static.wikia.nocookie.net/reddwarf/images/3/3e/Starbug.png,[],[],Starbug was a green transport shuttle used by the Red Dwarf crew.
Blue Midget (Shuttle),Red Dwarf,35,18,"[""shuttle"", ""red dwarf"", ""transport"", ""blue"", ""utility""]",https://static.wikia.nocookie.net/reddwarf/images/2/2e/Blue_Midget.png,[],[],Blue Midget was another transport shuttle aboard Red Dwarf.
Jupiter 2 (Resolute),Lost in Space,150,60,"[""colony ship"", ""resolute"", ""jupiter"", ""family"", ""24th century""]",https://static.wikia.nocookie.net/lostinspace/images/2/2e/Jupiter_2.png,[],[],The Jupiter 2 was a family-sized colony spacecraft that became lost in space.
Resolute (Flagship),Lost in Space,800,300,"[""flagship"", ""resolute"", ""24th colony mission"", ""massive"", ""advanced""]",https://static.wikia.nocookie.net/lostinspace/images/3/3e/Resolute.png,[],[],"The Resolute was the flagship of the 24th Colony Mission, transporting Jupiter ships to Alpha Centauri."
Chariot (ATV),Lost in Space,8,4,"[""atv"", ""chariot"", ""all-terrain"", ""jupiter"", ""rover""]",https://static.wikia.nocookie.net/lostinspace/images/2/2e/Chariot.png,[],[],The Chariot was an all-terrain vehicle stored aboard Jupiter spacecraft.
Exotic Ship (No Man's Sky),No Man's Sky,25,12,"[""exotic"", ""no man's sky"", ""s-class"", ""rare"", ""golden""]",https://static.wikia.nocookie.net/nomanssky/images/2/2e/Exotic_Ship.png,[],[],Exotic ships are rare S-class vessels with unique designs found in No Man's Sky.
Freighter (No Man's Sky),No Man's Sky,800,300,"[""freighter"", ""no man's sky"", ""capital"", ""trade"", ""massive""]",https://static.wikia.nocookie.net/nomanssky/images/3/3e/Freighter.png,[],[],Freighters are massive capital ships used for trade and as mobile bases.
Sentinel Ship (No Man's Sky),No Man's Sky,30,15,"[""sentinel"", ""no man's sky"", ""interceptor"", ""aggressive"", ""advanced""]",https://static.wikia.nocookie.net/nomanssky/images/2/2e/Sentinel_Ship.png,[],[],Sentinel Interceptors are advanced ships that can be acquired by players.
Outer Wilds Ventures Ship,Outer Wilds,12,8,"[""ship"", ""outer wilds"", ""timber hearth"", ""exploration"", ""wooden""]",https://static.wikia.nocookie.net/outerwilds/images/2/2e/Ship.png,[],[],The Outer Wilds Ventures ship was a wooden spacecraft used by Hearthians to explore their solar system.
Anaconda (Elite Dangerous),Elite Dangerous,152,50,"[""anaconda"", ""faulcon delacy"", ""multipurpose"", ""large"", ""versatile""]",https://static.wikia.nocookie.net/elite-dangerous/images/2/2e/Anaconda.png,[],[],"The Anaconda is a versatile large ship capable of combat, trading, and exploration."
Imperial Cutter,Elite Dangerous,192,60,"[""cutter"", ""gutamaya"", ""imperial"", ""luxury"", ""large"", ""trading""]",https://static.wikia.nocookie.net/elite-dangerous/images/3/3e/Imperial_Cutter.png,[],[],"The Imperial Cutter is the Empire's large trading vessel, requiring noble rank to purchase."
Federal Corvette,Elite Dangerous,167,55,"[""corvette"", ""core dynamics"", ""federal"", ""combat"", ""large"", ""military""]",https://static.wikia.nocookie.net/elite-dangerous/images/2/2e/Federal_Corvette.png,[],[],"The Federal Corvette is the Federation's heavy combat vessel, requiring naval rank."
Sidewinder Mk I,Elite Dangerous,14,6,"[""sidewinder"", ""faulcon delacy"", ""starter"", ""small"", ""everyone's first""]",https://static.wikia.nocookie.net/elite-dangerous/images/3/3e/Sidewinder.png,[],[],"The Sidewinder Mk I is every commander's first ship, given for free."
Cobra Mk III,Elite Dangerous,27,12,"[""cobra"", ""faulcon delacy"", ""classic"", ""versatile"", ""iconic""]",https://static.wikia.nocookie.net/elite-dangerous/images/2/2e/Cobra_MkIII.png,[],[],The Cobra Mk III is an iconic versatile ship beloved by pilots.
Asp Explorer,Elite Dangerous,56,22,"[""asp"", ""lakota"", ""explorer"", ""medium"", ""exploration""]",https://static.wikia.nocookie.net/elite-dangerous/images/3/3e/Asp_Explorer.png,[],[],The Asp Explorer is the premier exploration vessel for long-range journeys.
Krait Mk II,Elite Dangerous,73,28,"[""krait"", ""faulcon delacy"", ""combat"", ""medium"", ""thargoid hunter""]",https://static.wikia.nocookie.net/elite-dangerous/images/2/2e/Krait_MkII.png,[],[],The Krait Mk II is a medium combat vessel popular for Thargoid hunting.
Type-9 Heavy,Elite Dangerous,117,45,"[""type-9"", ""lakota"", ""heavy"", ""trading"", ""large"", ""hauler""]",https://static.wikia.nocookie.net/elite-dangerous/images/3/3e/Type9.png,[],[],The Type-9 Heavy is a massive trading vessel with enormous cargo capacity.
Beluga Liner,Elite Dangerous,209,70,"[""beluga"", ""saud kruger"", ""passenger"", ""luxury"", ""large"", ""liner""]",https://static.wikia.nocookie.net/elite-dangerous/images/2/2e/Beluga.png,[],[],The Beluga Liner is the ultimate passenger vessel for luxury tourism.
Fer-de-Lance,Elite Dangerous,73,28,"[""fer-de-lance"", ""zorgon peterson"", ""combat"", ""medium"", ""expensive""]",https://static.wikia.nocookie.net/elite-dangerous/images/3/3e/FerDeLance.png,[],[],The Fer-de-Lance is a premium combat vessel with exceptional firepower.
Frontier (Constellation),Starfield,60,25,"[""frontier"", ""constellation"", ""exploration"", ""vanguard"", ""classic""]",https://static.wikia.nocookie.net/starfield/images/2/2e/Frontier.png,[],[],The Frontier is the classic Constellation exploration vessel given to new members.
Narwhal (HopeTech),Starfield,120,50,"[""narwhal"", ""hopetech"", ""warship"", ""heavy"", ""powerful""]",https://static.wikia.nocookie.net/starfield/images/3/3e/Narwhal.png,[],[],The Narwhal is a powerful HopeTech warship available to experienced captains.
Star Eagle (Freestar Rangers),Starfield,80,35,"[""star eagle"", ""freestar rangers"", ""law enforcement"", ""fast"", ""versatile""]",https://static.wikia.nocookie.net/starfield/images/2/2e/Star_Eagle.png,[],[],The Star Eagle is the Freestar Rangers' signature vessel.
Wagon Train (Stroud-Eklund),Starfield,150,60,"[""wagon train"", ""stroud-eklund"", ""cargo"", ""hauler"", ""industrial""]",https://static.wikia.nocookie.net/starfield/images/3/3e/Wagon_Train.png,[],[],The Wagon Train is a massive Stroud-Eklund cargo vessel.
USG Ishimura (Planet Cracker),Dead Space,1600,500,"[""planet cracker"", ""concordance extraction"", ""ishimura"", ""mining"", ""legendary""]",https://static.wikia.nocookie.net/deadspace/images/2/2e/Ishimura.png,[],[],"The USG Ishimura was the oldest and most famous Planet Cracker-class mining ship, site of the first necromorph outbreak."
USM Valor,Dead Space,400,120,"[""warship"", ""earth defense force"", ""military"", ""destroyer"", ""support""]",https://static.wikia.nocookie.net/deadspace/images/3/3e/Valor.png,[],[],The USM Valor was an Earth Defense Force warship sent to assist the Ishimura.
USG Kellion (Repair Shuttle),Dead Space,25,12,"[""repair shuttle"", ""concordance extraction"", ""kellion"", ""small"", ""maintenance""]",https://static.wikia.nocookie.net/deadspace/images/2/2e/Kellion.png,[],[],The USG Kellion was a small repair shuttle that brought Isaac Clarke to the Ishimura.
Terra Nova (Sovereign Colonies),Dead Space,800,250,"[""warship"", ""sovereign colonies"", ""military"", ""old"", ""frozen""]",https://static.wikia.nocookie.net/deadspace/images/3/3e/Terra_Nova.png,[],[],The Terra Nova was a Sovereign Colonies warship discovered frozen on Tau Volantis.
TCS Tiger's Claw (Bengal-class),Wing Commander,700,200,"[""carrier"", ""terran confederation"", ""bengal"", ""flagship"", ""tiger's claw""]",https://static.wikia.nocookie.net/wingcommander/images/2/2e/Tigers_Claw.png,[],[],"The TCS Tiger's Claw was a Bengal-class strike carrier, famous for its role in the Kilrathi War."
TCS Concordia (Confederation-class),Wing Commander,900,250,"[""carrier"", ""terran confederation"", ""confederation"", ""flagship"", ""concordia""]",https://static.wikia.nocookie.net/wingcommander/images/3/3e/Concordia.png,[],[],The TCS Concordia was a Confederation-class fleet carrier and flagship.
F-44 Rapier II,Wing Commander,18,8,"[""fighter"", ""terran confederation"", ""rapier"", ""space superiority"", ""iconic""]",https://static.wikia.nocookie.net/wingcommander/images/2/2e/Rapier.png,[],[],The F-44 Rapier II was the Terran Confederation's iconic space superiority fighter.
Kilrathi Sivar-class Dreadnought,Wing Commander,600,180,"[""dreadnought"", ""kilrathi"", ""empire"", ""heavy"", ""sivar""]",https://static.wikia.nocookie.net/wingcommander/images/3/3e/Sivar.png,[],[],The Sivar-class dreadnought was a massive Kilrathi warship.
Samus's Gunship (Starship),Metroid,25,12,"[""gunship"", ""samus"", ""bounty hunter"", ""personal"", ""advanced""]",https://static.wikia.nocookie.net/metroid/images/2/2e/Gunship.png,[],[],Samus Aran's Gunship is her personal spacecraft used for travel and restoration.
Space Pirate Mothership,Metroid,800,250,"[""mothership"", ""space pirate"", ""mother brain"", ""command"", ""pirate""]",https://static.wikia.nocookie.net/metroid/images/3/3e/Pirate_Mothership.png,[],[],Space Pirate Motherships command pirate operations across the galaxy.
Frigate Orpheon,Metroid,300,100,"[""frigate"", ""space pirate"", ""research"", ""phazon"", ""orbital""]",https://static.wikia.nocookie.net/metroid/images/2/2e/Orpheon.png,[],[],The Frigate Orpheon was a Space Pirate research vessel studying Phazon.
G.F.S. Olympus,Metroid,500,150,"[""flagship"", ""galactic federation"", ""military"", ""command"", ""advanced""]",https://static.wikia.nocookie.net/metroid/images/3/3e/Olympus.png,[],[],The G.F.S. Olympus was a Galactic Federation flagship.
TIE Fighter (TIE/ln),Star Wars,6.3,3,"[""fighter"", ""imperial"", ""tie"", ""twin ion engine"", ""iconic""]",https://static.wikia.nocookie.net/starwars/images/2/2e/TIE_Fighter.png,[],[],"The TIE/ln fighter was the Imperial Navy's standard starfighter, known for its speed and maneuverability."
TIE Advanced x1 (Darth Vader's),Star Wars,9.2,4,"[""fighter"", ""imperial"", ""tie"", ""advanced"", ""darth vader""]",https://static.wikia.nocookie.net/starwars/images/3/3e/TIE_Advanced.png,[],[],"The TIE Advanced x1 was Darth Vader's personal starfighter, featuring shields and a hyperdrive."
TIE Interceptor,Star Wars,9.6,4,"[""interceptor"", ""imperial"", ""tie"", ""fast"", ""agile""]",https://static.wikia.nocookie.net/starwars/images/2/2e/TIE_Interceptor.png,[],[],"The TIE Interceptor was a faster, more agile variant of the standard TIE fighter."
TIE Bomber,Star Wars,7.8,5,"[""bomber"", ""imperial"", ""tie"", ""ordnance"", ""heavy""]",https://static.wikia.nocookie.net/starwars/images/3/3e/TIE_Bomber.png,[],[],The TIE Bomber was a dedicated ordnance delivery platform for the Imperial Navy.
TIE Defender,Star Wars,9.5,4,"[""defender"", ""imperial"", ""tie"", ""advanced"", ""shielded""]",https://static.wikia.nocookie.net/starwars/images/2/2e/TIE_Defender.png,[],[],"The TIE Defender was the Empire's most advanced starfighter, featuring shields, hyperdrive, and heavy weapons."
X-wing Starfighter (T-65B),Star Wars,12.5,5,"[""fighter"", ""rebel alliance"", ""x-wing"", ""incom"", ""iconic""]",https://static.wikia.nocookie.net/starwars/images/2/2e/X-Wing.png,[],[],The T-65B X-wing was the Rebel Alliance's primary all-purpose starfighter.
Y-wing Starfighter (BTL-A4),Star Wars,16.2,6,"[""bomber"", ""rebel alliance"", ""y-wing"", ""koensayr"", ""veteran""]",https://static.wikia.nocookie.net/starwars/images/3/3e/Y-Wing.png,[],[],"The Y-wing was a reliable bomber used by the Rebel Alliance, despite its age."
A-wing Interceptor (RZ-1),Star Wars,9.6,4,"[""interceptor"", ""rebel alliance"", ""a-wing"", ""kuat"", ""fast""]",https://static.wikia.nocookie.net/starwars/images/2/2e/A-Wing.png,[],[],The RZ-1 A-wing was the fastest starfighter in the Rebel Alliance fleet.
B-wing Starfighter (A/SF-01),Star Wars,16.9,7,"[""assault fighter"", ""rebel alliance"", ""b-wing"", ""slayn"", ""heavy""]",https://static.wikia.nocookie.net/starwars/images/3/3e/B-Wing.png,[],[],The B-wing was a heavy assault starfighter designed to attack capital ships.
Millennium Falcon (YT-1300),Star Wars,34.75,8,"[""freighter"", ""rebel alliance"", ""yt-1300"", ""han solo"", ""modified""]",https://static.wikia.nocookie.net/starwars/images/2/2e/Millennium_Falcon.png,[],[],"The Millennium Falcon was Han Solo's heavily modified YT-1300 light freighter, famous for making the Kessel Run in less than 12 parsecs."
Slave I (Firespray-31),Star Wars,21.5,8,"[""patrol craft"", ""boba fett"", ""firespray"", ""bounty hunter"", ""modified""]",https://static.wikia.nocookie.net/starwars/images/3/3e/Slave_I.png,[],[],Slave I was Boba Fett's modified Firespray-31-class patrol and attack craft.
Razor Crest (ST-70),Star Wars,24,10,"[""gunship"", ""mandalorian"", ""st-70"", ""bounty hunter"", ""pre-empire""]",https://static.wikia.nocookie.net/starwars/images/2/2e/Razor_Crest.png,[],[],The Razor Crest was Din Djarin's pre-Imperial patrol gunship used for bounty hunting.
Ghost (VCX-100),Star Wars,43.9,15,"[""freighter"", ""rebel alliance"", ""vcx-100"", ""ghost crew"", ""modified""]",https://static.wikia.nocookie.net/starwars/images/3/3e/Ghost.png,[],[],The Ghost was a modified VCX-100 light freighter used by the Spectres rebel cell.
U-wing (UT-60D),Star Wars,24.9,8,"[""support craft"", ""rebel alliance"", ""ut-60d"", ""troop transport"", ""gunship""]",https://static.wikia.nocookie.net/starwars/images/2/2e/U-Wing.png,[],[],The UT-60D U-wing was a support craft used for troop transport and gunship roles.
ARC-170 Starfighter,Star Wars,14.5,6,"[""heavy fighter"", ""republic"", ""arc-170"", ""clone wars"", ""three crew""]",https://static.wikia.nocookie.net/starwars/images/3/3e/ARC170.png,[],[],The ARC-170 was a heavy starfighter used by the Galactic Republic during the Clone Wars.
V-wing Starfighter,Star Wars,7.9,4,"[""fighter"", ""republic"", ""v-wing"", ""clone wars"", "" interceptor""]",https://static.wikia.nocookie.net/starwars/images/2/2e/V-Wing.png,[],[],The Alpha-3 Nimbus-class V-wing was a nimble interceptor used by the Republic.
Jedi Starfighter (Delta-7),Star Wars,8,4,"[""starfighter"", ""jedi"", ""delta-7"", ""clone wars"", ""force user""]",https://static.wikia.nocookie.net/starwars/images/3/3e/Delta7.png,[],[],The Delta-7 Jedi Starfighter was a light interceptor used by Jedi Knights during the Clone Wars.
Jedi Interceptor (Eta-2),Star Wars,5.47,3,"[""interceptor"", ""jedi"", ""eta-2"", ""clone wars"", ""force user""]",https://static.wikia.nocookie.net/starwars/images/2/2e/Eta2.png,[],[],The Eta-2 Actis-class interceptor was used by Jedi late in the Clone Wars.
Vulture Droid,Star Wars,3.5,2,"[""droid fighter"", ""cis"", ""vulture"", ""trade federation"", ""automated""]",https://static.wikia.nocookie.net/starwars/images/3/3e/Vulture_Droid.png,[],[],The Vulture-class droid starfighter was an automated fighter used by the Separatists.
Tri-Droid Fighter,Star Wars,5.1,3,"[""droid fighter"", ""cis"", ""tri-fighter"", ""separatist"", ""automated""]",https://static.wikia.nocookie.net/starwars/images/2/2e/Tri_Fighter.png,[],[],The Tri-Droid fighter was a droid starfighter used by the Confederacy of Independent Systems.
Hyena-class Bomber,Star Wars,12.4,5,"[""droid bomber"", ""cis"", ""hyena"", ""separatist"", ""automated""]",https://static.wikia.nocookie.net/starwars/images/3/3e/Hyena_Bomber.png,[],[],The Hyena-class Droid Bomber was a bomber used by the Separatist Navy.
First Order TIE Fighter (TIE/fo),Star Wars,6.7,3,"[""fighter"", ""first order"", ""tie"", ""successor"", ""modernized""]",https://static.wikia.nocookie.net/starwars/images/2/2e/TIE_fo.png,[],[],The TIE/fo was the First Order's modernized version of the classic TIE fighter.
TIE Silencer (Kylo Ren's),Star Wars,17.5,7,"[""interceptor"", ""first order"", ""tie"", ""kylo ren"", ""advanced""]",https://static.wikia.nocookie.net/starwars/images/3/3e/TIE_Silencer.png,[],[],The TIE Silencer was Kylo Ren's personal advanced interceptor.
Resistance X-wing (T-70),Star Wars,12.5,5,"[""fighter"", ""resistance"", ""x-wing"", ""incom"", ""updated""]",https://static.wikia.nocookie.net/starwars/images/2/2e/T70_X-Wing.png,[],[],The T-70 X-wing was the Resistance's updated version of the classic starfighter.
Resistance A-wing (RZ-2),Star Wars,7.7,4,"[""interceptor"", ""resistance"", ""a-wing"", ""kuat"", ""updated""]",https://static.wikia.nocookie.net/starwars/images/3/3e/RZ2_A-Wing.png,[],[],The RZ-2 A-wing was the Resistance's updated interceptor.
FO TIE Bomber,Star Wars,8.5,5,"[""bomber"", ""first order"", ""tie"", ""ordnance"", ""heavy""]",https://static.wikia.nocookie.net/starwars/images/2/2e/FO_TIE_Bomber.png,[],[],The First Order TIE bomber was an updated bomber design.
Night Buzzard (Knights of Ren),Star Wars,18,8,"[""transport"", ""knights of ren"", ""night buzzard"", ""dark side"", ""ominous""]",https://static.wikia.nocookie.net/starwars/images/3/3e/Night_Buzzard.png,[],[],The Night Buzzard was the Knights of Ren's transport vessel.
Starkiller Base,Star Wars,660000,660000,"[""superweapon"", ""first order"", ""starkiller"", ""planet"", ""superlaser""]",https://static.wikia.nocookie.net/starwars/images/2/2e/Starkiller_Base.png,[],[],"Starkiller Base was a First Order superweapon built into a planet, capable of destroying entire star systems."
USS Excelsior NCC-2000,Star Trek,467,140,"[""explorer"", ""federation"", ""starfleet"", ""excelsior"", ""transwarp""]",https://static.wikia.nocookie.net/memory-alpha/images/2/2e/Excelsior.png,[],[],"The USS Excelsior was the prototype for a new class of starship, famously known as 'The Great Experiment' for its transwarp drive."
USS Reliant NCC-1864 (Miranda-class),Star Trek,277,85,"[""science vessel"", ""federation"", ""starfleet"", ""miranda"", ""research""]",https://static.wikia.nocookie.net/memory-alpha/images/3/3e/Reliant.png,[],[],The Miranda-class was a versatile science and research vessel.
USS Constellation NCC-1017,Star Trek,289,72,"[""heavy cruiser"", ""federation"", ""starfleet"", ""constitution"", ""veteran""]",https://static.wikia.nocookie.net/memory-alpha/images/2/2e/Constellation.png,[],[],The USS Constellation was a Constitution-class heavy cruiser destroyed by the Planet Killer.
USS Stargazer NCC-2893 (Constellation-class),Star Trek,310,90,"[""explorer"", ""federation"", ""starfleet"", ""constellation"", ""picard""]",https://static.wikia.nocookie.net/memory-alpha/images/3/3e/Stargazer.png,[],[],"The USS Stargazer was Captain Picard's first command, famous for the Battle of Maxia."
USS Prometheus NX-59650,Star Trek,415,120,"[""experimental"", ""federation"", ""starfleet"", ""prometheus"", ""multi-vector""]",https://static.wikia.nocookie.net/memory-alpha/images/2/2e/Prometheus.png,[],[],The Prometheus-class was an experimental warship capable of multi-vector assault mode.
USS Equinox NCC-72381,Star Trek,222,70,"[""science vessel"", ""federation"", ""starfleet"", ""nova"", ""stranded""]",https://static.wikia.nocookie.net/memory-alpha/images/3/3e/Equinox.png,[],[],The USS Equinox was a Nova-class science vessel stranded in the Delta Quadrant.
Delta Flyer,Star Trek,21,8,"[""shuttle"", ""federation"", ""starfleet"", ""delta flyer"", ""custom""]",https://static.wikia.nocookie.net/memory-alpha/images/2/2e/Delta_Flyer.png,[],[],The Delta Flyer was a custom-built shuttlecraft designed by the Voyager crew.
Captain's Yacht (Calypso),Star Trek,35,12,"[""yacht"", ""federation"", ""starfleet"", ""enterprise"", ""luxury""]",https://static.wikia.nocookie.net/memory-alpha/images/3/3e/Captains_Yacht.png,[],[],The Captain's Yacht was a luxury auxiliary craft carried aboard Galaxy-class starships.
Type-6 Shuttlecraft,Star Trek,6,3,"[""shuttle"", ""federation"", ""starfleet"", ""type-6"", ""utility""]",https://static.wikia.nocookie.net/memory-alpha/images/2/2e/Type6_Shuttle.png,[],[],The Type-6 shuttlecraft was a standard auxiliary craft used throughout Starfleet.
Runabout (Danube-class),Star Trek,23,10,"[""runabout"", ""federation"", ""starfleet"", ""danube"", ""versatile""]",https://static.wikia.nocookie.net/memory-alpha/images/3/3e/Runabout.png,[],[],The Danube-class runabout was a versatile small vessel used for short-range missions.
Klingon K't'inga-class Battlecruiser,Star Trek,350,100,"[""battlecruiser"", ""klingon"", ""empire"", ""classic"", ""d7 successor""]",https://static.wikia.nocookie.net/memory-alpha/images/2/2e/Ktinga.png,[],[],The K't'inga-class battlecruiser was a classic Klingon design that served for over a century.
Klingon D7-class Battlecruiser,Star Trek,228,70,"[""battlecruiser"", ""klingon"", ""empire"", ""classic"", ""tos era""]",https://static.wikia.nocookie.net/memory-alpha/images/3/3e/D7.png,[],[],The D7-class battlecruiser was the quintessential Klingon warship of the 23rd century.
Romulan Bird-of-Prey (22nd Century),Star Trek,130,45,"[""bird-of-prey"", ""romulan"", ""star empire"", ""cloaking"", ""classic""]",https://static.wikia.nocookie.net/memory-alpha/images/2/2e/Romulan_BOP.png,[],[],The 22nd century Romulan Bird-of-Prey was one of the first cloaked vessels encountered by Starfleet.
Tholian Web Spinner,Star Trek,180,60,"[""web spinner"", ""tholian"", ""assembly"", ""energy web"", ""unique""]",https://static.wikia.nocookie.net/memory-alpha/images/3/3e/Tholian_Ship.png,[],[],Tholian vessels were crystalline ships capable of creating energy webs.
Gorn Ship,Star Trek,120,40,"[""warship"", ""gorn"", ""hegemony"", ""reptilian"", ""aggressive""]",https://static.wikia.nocookie.net/memory-alpha/images/2/2e/Gorn_Ship.png,[],[],Gorn vessels were warships used by the Gorn Hegemony.
Species 8472 Planet Killer,Star Trek,5000,1500,"[""planet killer"", ""species 8472"", ""fluidic space"", ""organic"", ""devastating""]",https://static.wikia.nocookie.net/memory-alpha/images/3/3e/Species_8472_PK.png,[],[],Species 8472's planet killers were massive organic vessels capable of destroying planets.
Hirogen Warship,Star Trek,400,120,"[""warship"", ""hirogen"", ""hunter"", ""predatory"", ""dangerous""]",https://static.wikia.nocookie.net/memory-alpha/images/2/2e/Hirogen_Ship.png,[],[],Hirogen warships were vessels used by the nomadic Hirogen hunters.
Malon Export Vessel,Star Trek,250,80,"[""export vessel"", ""malon"", ""waste export"", ""theta radiation"", ""hazardous""]",https://static.wikia.nocookie.net/memory-alpha/images/3/3e/Malon_Vessel.png,[],[],Malon export vessels transported hazardous theta radiation waste.
Vidiian Warship,Star Trek,300,100,"[""warship"", ""vidiian"", ""harvester"", ""phage"", ""medical""]",https://static.wikia.nocookie.net/memory-alpha/images/2/2e/Vidiian_Ship.png,[],[],Vidiian warships were used by the Vidiians to harvest organs for their phage.
Kazon Predator-class,Star Trek,200,70,"[""carrier"", ""kazon"", ""sect"", ""predator"", ""aggressive""]",https://static.wikia.nocookie.net/memory-alpha/images/3/3e/Kazon_Predator.png,[],[],The Predator-class was a large Kazon carrier used by various sects.
Kazon Raider,Star Trek,80,30,"[""raider"", ""kazon"", ""sect"", ""fast"", ""aggressive""]",https://static.wikia.nocookie.net/memory-alpha/images/2/2e/Kazon_Raider.png,[],[],Kazon raiders were smaller vessels used for hit-and-run attacks.
Vulcan D'Kyr-class,Star Trek,350,110,"[""combat cruiser"", ""vulcan"", ""high command"", ""logical"", ""advanced""]",https://static.wikia.nocookie.net/memory-alpha/images/3/3e/DKyr.png,[],[],The D'Kyr-class combat cruiser was a Vulcan vessel used for defense and exploration.
Vulcan Suurok-class,Star Trek,210,70,"[""science vessel"", ""vulcan"", ""high command"", ""research"", ""logical""]",https://static.wikia.nocookie.net/memory-alpha/images/2/2e/Suurok.png,[],[],The Suurok-class was a Vulcan science vessel used for research missions.
Andorian Kumari-class,Star Trek,320,100,"[""battlecruiser"", ""andorian"", ""imperial guard"", ""aggressive"", ""proud""]",https://static.wikia.nocookie.net/memory-alpha/images/3/3e/Kumari.png,[],[],The Kumari-class battlecruiser was the pride of the Andorian Imperial Guard.
Tellarite Cruiser,Star Trek,280,90,"[""cruiser"", ""tellarite"", ""engineering"", ""stubborn"", ""trade""]",https://static.wikia.nocookie.net/memory-alpha/images/2/2e/Tellarite_Ship.png,[],[],Tellarite cruisers were vessels used by the Tellarite people.
Xindi Reptilian Warship,Star Trek,180,60,"[""warship"", ""xindi"", ""reptilian"", ""aggressive"", ""weapon""]",https://static.wikia.nocookie.net/memory-alpha/images/3/3e/Xindi_Reptilian.png,[],[],Xindi Reptilian warships were aggressive vessels used by the Reptilian faction.
Xindi Insectoid Ship,Star Trek,150,50,"[""warship"", ""xindi"", ""insectoid"", ""hive"", ""aggressive""]",https://static.wikia.nocookie.net/memory-alpha/images/2/2e/Xindi_Insectoid.png,[],[],Xindi Insectoid ships were used by the Insectoid faction of the Xindi Council.
Xindi Aquatic Cruiser,Star Trek,1800,600,"[""cruiser"", ""xindi"", ""aquatic"", ""massive"", ""water dwelling""]",https://static.wikia.nocookie.net/memory-alpha/images/3/3e/Xindi_Aquatic.png,[],[],Xindi Aquatic cruisers were massive vessels designed for water-dwelling Aquatics.
Xindi Primate Ship,Star Trek,200,70,"[""cruiser"", ""xindi"", ""primate"", ""diplomatic"", ""intelligent""]",https://static.wikia.nocookie.net/memory-alpha/images/2/2e/Xindi_Primate.png,[],[],Xindi Primate ships were used by the diplomatic Primate faction.
Suliban Cell Ship,Star Trek,45,18,"[""cell ship"", ""suliban"", ""cabal"", ""cloaking"", ""genetic""]",https://static.wikia.nocookie.net/memory-alpha/images/3/3e/Suliban_Cell.png,[],[],Suliban cell ships were small cloaked vessels used by the Suliban Cabal.
Suliban Helix,Star Trek,800,300,"[""helix"", ""suliban"", ""cabal"", ""mobile base"", ""aggregate""]",https://static.wikia.nocookie.net/memory-alpha/images/2/2e/Suliban_Helix.png,[],[],The Suliban Helix was a massive aggregate of hundreds of cell ships forming a mobile base.
T'Plana-Hath (Vulcan Lander),Star Trek,40,15,"[""lander"", ""vulcan"", ""first contact"", ""historical"", ""survey""]",https://static.wikia.nocookie.net/memory-alpha/images/3/3e/TPlana_Hath.png,[],[],The T'Plana-Hath was the Vulcan survey vessel that made first contact with Earth in 2063.
Phoenix (Warp Prototype),Star Trek,18,8,"[""prototype"", ""human"", ""first warp"", ""zefram cochrane"", ""historical""]",https://static.wikia.nocookie.net/memory-alpha/images/2/2e/Phoenix.png,[],[],"The Phoenix was humanity's first warp-capable vessel, launching in 2063."
Friendship 1,Star Trek,25,10,"[""probe"", ""federation"", ""historical"", ""first contact"", ""message""]",https://static.wikia.nocookie.net/memory-alpha/images/3/3e/Friendship_1.png,[],[],Friendship 1 was an early Earth probe launched before the Federation's founding.
Macragge's Honor (Ultramarines),"Warhammer 40,000",26000,8000,"[""flagship"", ""ultramarines"", ""roboute guilliman"", ""gloriana"", ""massive""]",https://static.wikia.nocookie.net/warhammer40k/images/2/2e/Macragges_Honor.png,[],[],"Macragge's Honor is Roboute Guilliman's Gloriana-class flagship, one of the largest vessels in the Imperium."
Vengeful Spirit (Sons of Horus),"Warhammer 40,000",28000,8500,"[""flagship"", ""sons of horus"", ""horus lupercal"", ""gloriana"", ""traitor""]",https://static.wikia.nocookie.net/warhammer40k/images/3/3e/Vengeful_Spirit.png,[],[],The Vengeful Spirit was Horus Lupercal's flagship during the Horus Heresy.
Hrafnkel (Space Wolves),"Warhammer 40,000",24000,7500,"[""flagship"", ""space wolves"", ""leman russ"", ""gloriana"", ""fenris""]",https://static.wikia.nocookie.net/warhammer40k/images/2/2e/Hrafnkel.png,[],[],"The Hrafnkel was Leman Russ's flagship, a Gloriana-class vessel of the Space Wolves."
Invincible Reason (Dark Angels),"Warhammer 40,000",26000,8000,"[""flagship"", ""dark angels"", ""lion el'jonson"", ""gloriana"", ""secretive""]",https://static.wikia.nocookie.net/warhammer40k/images/3/3e/Invincible_Reason.png,[],[],"The Invincible Reason was Lion El'Jonson's flagship, a Gloriana-class vessel of the Dark Angels."
Iron Blood (Iron Warriors),"Warhammer 40,000",25000,7800,"[""flagship"", ""iron warriors"", ""perturabo"", ""gloriana"", ""siege""]",https://static.wikia.nocookie.net/warhammer40k/images/2/2e/Iron_Blood.png,[],[],"The Iron Blood was Perturabo's flagship, a Gloriana-class vessel of the Iron Warriors."
Pride of the Emperor (Emperor's Children),"Warhammer 40,000",27000,8200,"[""flagship"", ""emperor's children"", ""fulgrim"", ""gloriana"", ""perfection""]",https://static.wikia.nocookie.net/warhammer40k/images/3/3e/Pride_of_the_Emperor.png,[],[],"The Pride of the Emperor was Fulgrim's flagship, a Gloriana-class vessel of the Emperor's Children."
Conqueror (World Eaters),"Warhammer 40,000",25000,7800,"[""flagship"", ""world eaters"", ""angron"", ""gloriana"", ""berserker""]",https://static.wikia.nocookie.net/warhammer40k/images/2/2e/Conqueror.png,[],[],"The Conqueror was Angron's flagship, a Gloriana-class vessel of the World Eaters."
Shadow of the Emperor (Raven Guard),"Warhammer 40,000",24000,7500,"[""flagship"", ""raven guard"", ""corvus corax"", ""gloriana"", ""stealth""]",https://static.wikia.nocookie.net/warhammer40k/images/3/3e/Shadow_of_the_Emperor.png,[],[],"The Shadow of the Emperor was Corvus Corax's flagship, a Gloriana-class vessel of the Raven Guard."
Flamewrought (Salamanders),"Warhammer 40,000",25000,7800,"[""flagship"", ""salamanders"", ""vulkan"", ""gloriana"", ""promethean""]",https://static.wikia.nocookie.net/warhammer40k/images/2/2e/Flamewrought.png,[],[],"The Flamewrought was Vulkan's flagship, a Gloriana-class vessel of the Salamanders."
Nightfall (Night Lords),"Warhammer 40,000",26000,8000,"[""flagship"", ""night lords"", ""konrad curze"", ""gloriana"", ""terror""]",https://static.wikia.nocookie.net/warhammer40k/images/3/3e/Nightfall.png,[],[],"The Nightfall was Konrad Curze's flagship, a Gloriana-class vessel of the Night Lords."
Photep (Thousand Sons),"Warhammer 40,000",25000,7800,"[""flagship"", ""thousand sons"", ""magnus"", ""gloriana"", ""psychic""]",https://static.wikia.nocookie.net/warhammer40k/images/2/2e/Photep.png,[],[],"The Photep was Magnus the Red's flagship, a Gloriana-class vessel of the Thousand Sons."
Terminus Est (Death Guard),"Warhammer 40,000",26000,8000,"[""flagship"", ""death guard"", ""mortarion"", ""gloriana"", ""plague""]",https://static.wikia.nocookie.net/warhammer40k/images/3/3e/Terminus_Est.png,[],[],"The Terminus Est was Mortarion's flagship, a Gloriana-class vessel of the Death Guard."
Alpha (Alpha Legion),"Warhammer 40,000",25000,7800,"[""flagship"", ""alpha legion"", ""alpharius"", ""gloriana"", ""secret""]",https://static.wikia.nocookie.net/warhammer40k/images/2/2e/Alpha_Ship.png,[],[],"The Alpha was Alpharius's flagship, a Gloriana-class vessel of the Alpha Legion."
Red Tear (Blood Angels),"Warhammer 40,000",26000,8000,"[""flagship"", ""blood angels"", ""sanguinius"", ""gloriana"", ""angelic""]",https://static.wikia.nocookie.net/warhammer40k/images/3/3e/Red_Tear.png,[],[],"The Red Tear was Sanguinius's flagship, a Gloriana-class vessel of the Blood Angels."
Hallowed Flame (Word Bearers),"Warhammer 40,000",25000,7800,"[""flagship"", ""word bearers"", ""lorgar"", ""gloriana"", ""religious""]",https://static.wikia.nocookie.net/warhammer40k/images/2/2e/Hallowed_Flame.png,[],[],"The Hallowed Flame was Lorgar's flagship, a Gloriana-class vessel of the Word Bearers."
Fist of Iron (Iron Hands),"Warhammer 40,000",26000,8000,"[""flagship"", ""iron hands"", ""ferrus manus"", ""gloriana"", ""mechanical""]",https://static.wikia.nocookie.net/warhammer40k/images/3/3e/Fist_of_Iron.png,[],[],"The Fist of Iron was Ferrus Manus's flagship, a Gloriana-class vessel of the Iron Hands."
Imperial Fist (Imperial Fists),"Warhammer 40,000",25000,7800,"[""flagship"", ""imperial fists"", ""rogal dorn"", ""gloriana"", ""defense""]",https://static.wikia.nocookie.net/warhammer40k/images/2/2e/Imperial_Fist.png,[],[],"The Imperial Fist was Rogal Dorn's flagship, a Gloriana-class vessel of the Imperial Fists."
Scorn of Deshrea (White Scars),"Warhammer 40,000",24000,7500,"[""flagship"", ""white scars"", ""jaghatai khan"", ""gloriana"", ""fast""]",https://static.wikia.nocookie.net/warhammer40k/images/3/3e/Scorn_of_Deshrea.png,[],[],"The Scorn of Deshrea was Jaghatai Khan's flagship, a Gloriana-class vessel of the White Scars."
Chronicle of Ashes (Word Bearers),"Warhammer 40,000",8000,2500,"[""battle barge"", ""word bearers"", ""chaos"", ""traitor"", ""dark apostle""]",https://static.wikia.nocookie.net/warhammer40k/images/2/2e/Chronicle_of_Ashes.png,[],[],The Chronicle of Ashes is a Word Bearers Battle Barge used by Dark Apostles.
Blackstone Fortress,"Warhammer 40,000",100000,30000,"[""fortress"", ""blackstone"", ""talismans of vaul"", ""ancient"", ""superweapon""]",https://static.wikia.nocookie.net/warhammer40k/images/3/3e/Blackstone_Fortress.png,[],[],"Blackstone Fortresses are ancient Talismans of Vaul, massive star forts of devastating power."
Phalanx (Imperial Fists),"Warhammer 40,000",3000,1000,"[""star fort"", ""imperial fists"", ""rogan dorn"", ""defense"", ""massive""]",https://static.wikia.nocookie.net/warhammer40k/images/2/2e/Phalanx.png,[],[],"The Phalanx is the Imperial Fists' star fort, one of the largest vessels in the Imperium."
Raptorus Rex (Black Templars),"Warhammer 40,000",8000,2500,"[""battle barge"", ""black templars"", ""sigismund"", ""crusade"", ""zealous""]",https://static.wikia.nocookie.net/warhammer40k/images/3/3e/Raptorus_Rex.png,[],[],The Raptorus Rex is the Black Templars' legendary Battle Barge.
Victory (Blood Angels),"Warhammer 40,000",8000,2500,"[""battle barge"", ""blood angels"", ""dante"", ""venerable"", ""honored""]",https://static.wikia.nocookie.net/warhammer40k/images/2/2e/Victory_BA.png,[],[],"The Victory is Commander Dante's Battle Barge, a vessel of great honor."
Fury of Desecration (Black Legion),"Warhammer 40,000",9000,2800,"[""battle barge"", ""black legion"", ""abaddon"", ""chaos"", ""despoiler""]",https://static.wikia.nocookie.net/warhammer40k/images/3/3e/Fury_of_Desecration.png,[],[],"The Fury of Desecration is Abaddon's personal Battle Barge, leading the Black Crusades."
Planet Killer,"Warhammer 40,000",15000,5000,"[""planet killer"", ""abaddon"", ""chaos"", ""superweapon"", ""armageddon""]",https://static.wikia.nocookie.net/warhammer40k/images/2/2e/Planet_Killer.png,[],[],"The Planet Killer is Abaddon's ultimate superweapon, capable of destroying entire worlds."
Pride of Hiigara (Hiigaran),"Warhammer 40,000",7000,2200,"[""battle barge"", ""hiigaran"", ""kharon"", ""homeworld"", ""return""]",https://static.wikia.nocookie.net/warhammer40k/images/3/3e/Pride_of_Hiigara.png,[],[],The Pride of Hiigara is a legendary vessel of the Hiigaran people.
Doom of Malan'tai (Tyranid),"Warhammer 40,000",6000,2000,"[""hive ship"", ""tyranid"", ""doom"", ""malan'tai"", ""psychic""]",https://static.wikia.nocookie.net/warhammer40k/images/2/2e/Doom_of_Malantai.png,[],[],The Doom of Malan'tai was a unique Tyranid organism that destroyed the craftworld.
Craftworld Ulthwé (Eldar),"Warhammer 40,000",8000000,400000,"[""craftworld"", ""eldar"", ""asuryani"", ""ulthwe"", ""seer"", ""massive""]",https://static.wikia.nocookie.net/warhammer40k/images/3/3e/Craftworld_Ulthwe.png,[],[],"Craftworld Ulthwé is known as the Damned, famous for its powerful Seer Council."
Craftworld Biel-Tan (Eldar),"Warhammer 40,000",9000000,450000,"[""craftworld"", ""eldar"", ""asuryani"", ""biel-tan"", ""militant"", ""massive""]",https://static.wikia.nocookie.net/warhammer40k/images/2/2e/Craftworld_Biel_Tan.png,[],[],"Craftworld Biel-Tan is the most militant craftworld, dedicated to rebuilding the Eldar empire."
Craftworld Saim-Hann (Eldar),"Warhammer 40,000",7000000,350000,"[""craftworld"", ""eldar"", ""asuryani"", ""saim-hann"", ""wild rider"", ""massive""]",https://static.wikia.nocookie.net/warhammer40k/images/3/3e/Craftworld_Saim_Hann.png,[],[],"Craftworld Saim-Hann is home to the Wild Riders, known for their fast attacks."
Craftworld Iyanden (Eldar),"Warhammer 40,000",8500000,420000,"[""craftworld"", ""eldar"", ""asuryani"", ""iyanden"", ""ghost warrior"", ""massive""]",https://static.wikia.nocookie.net/warhammer40k/images/2/2e/Craftworld_Iyanden.png,[],[],"Craftworld Iyanden is known as the Ghost Warrior craftworld, having suffered greatly."
Craftworld Alaitoc (Eldar),"Warhammer 40,000",7500000,375000,"[""craftworld"", ""eldar"", ""asuryani"", ""alaitoc"", ""ranger"", ""massive""]",https://static.wikia.nocookie.net/warhammer40k/images/3/3e/Craftworld_Alaitoc.png,[],[],Craftworld Alaitoc is known for its Rangers who wander the galaxy.
Commorragh (Dark Eldar),"Warhammer 40,000",50000000,2000000,"[""dark city"", ""dark eldar"", ""drukhari"", ""commorragh"", ""webway"", ""massive""]",https://static.wikia.nocookie.net/warhammer40k/images/2/2e/Commorragh.png,[],[],"Commorragh is the Dark City of the Drukhari, a massive realm within the Webway."
Kabalite Raider (Dark Eldar),"Warhammer 40,000",60,25,"[""raider"", ""dark eldar"", ""drukhari"", ""kabal"", ""fast"", ""skimmer""]",https://static.wikia.nocookie.net/warhammer40k/images/3/3e/Raider.png,[],[],The Raider is the primary transport of Dark Eldar Kabals.
Tesseract Vault (Necron),"Warhammer 40,000",120,50,"[""tesseract vault"", ""necron"", ""ctan"", ""transcendent"", ""prison""]",https://static.wikia.nocookie.net/warhammer40k/images/2/2e/Tesseract_Vault.png,[],[],The Tesseract Vault is a prison containing a Transcendent C'tan.
Obelisk (Necron),"Warhammer 40,000",200,80,"[""obelisk"", ""necron"", ""gravatic"", ""anti-air"", ""monolith""]",https://static.wikia.nocookie.net/warhammer40k/images/3/3e/Obelisk.png,[],[],The Obelisk is a Necron gravatic vehicle designed for anti-air defense.
Sentry Pylon (Necron),"Warhammer 40,000",30,15,"[""sentry pylon"", ""necron"", ""defense"", ""automated"", ""gauss""]",https://static.wikia.nocookie.net/warhammer40k/images/2/2e/Sentry_Pylon.png,[],[],Sentry Pylons are automated Necron defense platforms.
Ork Rok,"Warhammer 40,000",5000,1500,"[""rok"", ""ork"", ""clan"", ""asteroid"", ""ramshackle""]",https://static.wikia.nocookie.net/warhammer40k/images/3/3e/Ork_Rok.png,[],[],Ork Roks are hollowed asteroids converted into massive spacecraft.
Ork Kill Kroozer,"Warhammer 40,000",4000,1200,"[""kill kroozer"", ""ork"", ""clan"", ""warship"", ""aggressive""]",https://static.wikia.nocookie.net/warhammer40k/images/2/2e/Kill_Kroozer.png,[],[],Kill Kroozers are heavily armed Ork vessels designed for combat.
Ork Battlekroozer,"Warhammer 40,000",6000,1800,"[""battlekroozer"", ""ork"", ""clan"", ""flagship"", ""warboss""]",https://static.wikia.nocookie.net/warhammer40k/images/3/3e/Battlekroozer.png,[],[],Battlekroozers are massive Ork flagships commanded by powerful Warbosses.
Ork Fighta-Bommer,"Warhammer 40,000",15,8,"[""fighta-bommer"", ""ork"", ""clan"", ""fighter"", ""bomber"", ""unpredictable""]",https://static.wikia.nocookie.net/warhammer40k/images/2/2e/Fighta_Bommer.png,[],[],Fighta-Bommers are Ork aircraft that serve as both fighters and bombers.
Ork Dakkajet,"Warhammer 40,000",12,6,"[""dakkajet"", ""ork"", ""clan"", ""fighter"", ""shoota"", ""fast""]",https://static.wikia.nocookie.net/warhammer40k/images/3/3e/Dakkajet.png,[],[],Dakkajets are fast Ork fighters armed with multiple shootas.
Tau Manta,"Warhammer 40,000",300,100,"[""manta"", ""tau"", ""empire"", ""dropship"", ""massive""]",https://static.wikia.nocookie.net/warhammer40k/images/2/2e/Tau_Manta.png,[],[],The Manta is a massive Tau dropship capable of carrying entire Hunter Cadres.
Tau Orca,"Warhammer 40,000",120,45,"[""orca"", ""tau"", ""empire"", ""dropship"", ""transport""]",https://static.wikia.nocookie.net/warhammer40k/images/3/3e/Tau_Orca.png,[],[],The Orca is a Tau dropship used for rapid deployment.
Tau Tiger Shark,"Warhammer 40,000",25,12,"[""tiger shark"", ""tau"", ""empire"", ""bomber"", "" AX-1-5"", ""heavy""]",https://static.wikia.nocookie.net/warhammer40k/images/2/2e/Tiger_Shark.png,[],[],The Tiger Shark is a Tau heavy bomber aircraft.
Tau Barracuda,"Warhammer 40,000",18,9,"[""barracuda"", ""tau"", ""empire"", ""fighter"", ""air superiority""]",https://static.wikia.nocookie.net/warhammer40k/images/3/3e/Barracuda.png,[],[],The Barracuda is the Tau's primary air superiority fighter.
Tau Merchant Fleet (Kor'vattra),"Warhammer 40,000",4000,1200,"[""merchant fleet"", ""tau"", ""kor'vattra"", ""trade"", ""exploration""]",https://static.wikia.nocookie.net/warhammer40k/images/2/2e/Kor_vattra.png,[],[],"The Kor'vattra is the Tau Merchant Fleet, responsible for trade and exploration."
Tau Warfleet (Kor'or'vesh),"Warhammer 40,000",5000,1500,"[""warfleet"", ""tau"", ""kor'or'vesh"", ""military"", ""defense""]",https://static.wikia.nocookie.net/warhammer40k/images/3/3e/Kor_or_vesh.png,[],[],"The Kor'or'vesh is the Tau Warfleet, dedicated to military operations."
Tau Explorer (Lar'shi),"Warhammer 40,000",3000,900,"[""explorer"", ""tau"", ""lar'shi"", ""exploration"", ""science""]",https://static.wikia.nocookie.net/warhammer40k/images/2/2e/Larshi.png,[],[],The Lar'shi-class Explorer is the Tau's primary exploration vessel.
Tau Hero-class (Or'es El'leath),"Warhammer 40,000",4500,1350,"[""hero"", ""tau"", ""or'es el'leath"", ""battleship"", ""command""]",https://static.wikia.nocookie.net/warhammer40k/images/3/3e/Hero_Class.png,[],[],The Or'es El'leath-class Hero is the Tau's largest battleship.
Tau Emissary-class (Il'fannor),"Warhammer 40,000",2500,750,"[""emissary"", ""tau"", ""il'fannor"", ""diplomatic"", ""versatile""]",https://static.wikia.nocookie.net/warhammer40k/images/2/2e/Emissary_Class.png,[],[],The Il'fannor-class Emissary is a versatile Tau vessel used for diplomacy.
Tau Castellan-class (Kir'la),"Warhammer 40,000",1500,450,"[""castellan"", ""tau"", ""kir'la"", ""escort"", ""protection""]",https://static.wikia.nocookie.net/warhammer40k/images/3/3e/Castellan_Class.png,[],[],The Kir'la-class Castellan is a Tau escort vessel.
Tau Warden-class (Kir'shas'vre),"Warhammer 40,000",1200,360,"[""warden"", ""tau"", ""kir'shas'vre"", ""escort"", ""defense""]",https://static.wikia.nocookie.net/warhammer40k/images/2/2e/Warden_Class.png,[],[],The Kir'shas'vre-class Warden is a Tau escort vessel.
Tau Protector Fleet (Kor'or'vesh),"Warhammer 40,000",6000,1800,"[""protector"", ""tau"", ""kor'or'vesh"", ""military"", ""expansion""]",https://static.wikia.nocookie.net/warhammer40k/images/3/3e/Protector_Fleet.png,[],[],The Protector Fleet is the Tau's primary military force for expansion.
Tau Defender-class (Il'porrui),"Warhammer 40,000",2000,600,"[""defender"", ""tau"", ""il'porrui"", ""cruiser"", ""combat""]",https://static.wikia.nocookie.net/warhammer40k/images/2/2e/Defender_Class.png,[],[],The Il'porrui-class Defender is a Tau combat cruiser.
Genestealer Cult Goliath Truck,"Warhammer 40,000",12,6,"[""truck"", ""genestealer cult"", ""goliath"", ""transport"", ""mining""]",https://static.wikia.nocookie.net/warhammer40k/images/3/3e/Goliath_Truck.png,[],[],The Goliath Truck is a mining vehicle used by Genestealer Cults for transport.
Genestealer Cult Rockgrinder,"Warhammer 40,000",15,8,"[""rockgrinder"", ""genestealer cult"", ""mining"", ""assault"", ""drill""]",https://static.wikia.nocookie.net/warhammer40k/images/2/2e/Rockgrinder.png,[],[],The Rockgrinder is a mining vehicle converted for assault by Genestealer Cults.
Genestealer Cult Leman Russ,"Warhammer 40,000",10,5,"[""leman russ"", ""genestealer cult"", ""brood brothers"", ""tank"", ""guard""]",https://static.wikia.nocookie.net/warhammer40k/images/3/3e/GSC_Leman_Russ.png,[],[],Brood Brothers often field Leman Russ tanks in support of the cult.
